time/iterations,train/entropy_coef,time/total_timesteps,train/clip_range,time/fps,train/learning_rate,time/time_elapsed,train/n_updates,train/value_loss,train/approx_kl,train/clip_fraction,train/explained_variance,train/policy_gradient_loss,train/std,train/loss,train/entropy_loss,eval/mean_ep_length,eval/mean_reward
1,0.01995904,2048,0.2,2942,0.0003,0,,,,,,,,,,,
2,0.01991808,4096,0.2,1718,0.0003,2,10,2.1555923866573723,0.01042954,0.092333984375,-0.03775835037231445,-0.00866609428776428,1.0128333568572998,3.6941277980804443,-8.55605145394802,,
3,0.01987712,6144,0.2,1680,0.0003,3,20,0.07869678527931682,0.010635056,0.100244140625,0.3888201117515564,-0.014430265325063373,1.013872504234314,-0.16114620864391327,-8.590344548225403,,
4,0.019836160000000002,8192,0.2,1570,0.0003,5,30,0.04062652721768245,0.010340294,0.08662109375,0.8671237081289291,-0.012306039611576124,1.0271649360656738,-0.1800042688846588,-8.641790854930878,,
5,0.0197952,10240,0.2,1568,0.0003,6,40,0.04435609689098783,0.011481505,0.127001953125,0.9356603696942329,-0.017190624531940556,1.0339103937149048,-0.19028553366661072,-8.694257268309594,,
6,0.01975424,12288,0.2,1556,0.0003,7,50,0.042446627537719904,0.015074413,0.16474609375,0.943778108805418,-0.02081907499814406,1.0424540042877197,-0.16383419930934906,-8.740518185496331,,
7,0.01971328,14336,0.2,1572,0.0003,9,60,0.024277155406889506,0.012813256,0.1328125,0.9674016200006008,-0.01718350286537316,1.053909182548523,-0.18036235868930817,-8.797020840644837,,
8,0.01967232,16384,0.2,1578,0.0003,10,70,0.0275416049931664,0.0108517,0.1064453125,0.9620553255081177,-0.013605588919017465,1.065392255783081,-0.1822645515203476,-8.863800576329231,,
9,0.01963136,18432,0.2,1584,0.0003,11,80,0.026130885066231714,0.01072444,0.108642578125,0.9659934528172016,-0.013415477104717865,1.0656884908676147,-0.1704096794128418,-8.888915285468102,,
10,0.0195904,20480,0.2,1574,0.0003,13,90,0.021006165182916446,0.010832665,0.11005859375,0.9727765414863825,-0.01483654098410625,1.0772150754928589,-0.20944510400295258,-8.927129867672921,,
11,0.01954944,22528,0.2,1578,0.0003,14,100,0.0195671078923624,0.010586236,0.10771484375,0.9759170282632113,-0.014478606829652563,1.0817222595214844,-0.16519352793693542,-8.966058245301246,,
12,0.01950848,24576,0.2,1584,0.0003,15,110,0.019359823811100796,0.010551715,0.10859375,0.9755306243896484,-0.014528535408317111,1.085815191268921,-0.20805759727954865,-8.990825164318085,,
13,0.019467520000000002,26624,0.2,1586,0.0003,16,120,0.023222913054632956,0.008544096,0.089013671875,0.9700324907898903,-0.01246268947434146,1.0908464193344116,-0.1947527676820755,-9.013643234968185,,
14,0.01942656,28672,0.2,1584,0.0003,18,130,0.017587896776967683,0.0119449105,0.1275390625,0.9774714540690184,-0.016431535956508016,1.0940669775009155,-0.17403818666934967,-9.03701937198639,,
15,0.0193856,30720,0.2,1555,0.0003,19,140,0.022937314517912456,0.011100765,0.117578125,0.9680323824286461,-0.01410480707854731,1.0936546325683594,-0.1835087239742279,-9.04736120402813,,
16,0.01934464,32768,0.2,1551,0.0003,21,150,0.022705450854846276,0.009491989,0.102392578125,0.9706966672092676,-0.012746512187004556,1.105313777923584,-0.16399866342544556,-9.076961573958396,,
17,0.01930368,34816,0.2,1553,0.0003,22,160,0.019205991708440708,0.0121761765,0.125390625,0.9729218054562807,-0.015927862015087158,1.1111328601837158,-0.21538473665714264,-9.121061050891877,,
18,0.01926272,36864,0.2,1554,0.0003,23,170,0.023133406133274546,0.010901377,0.131396484375,0.9727781135588884,-0.016737182973884046,1.1139779090881348,-0.18381504714488983,-9.141302049160004,,
19,0.01922176,38912,0.2,1557,0.0003,24,180,0.024335003970190883,0.010264184,0.111376953125,0.9722990375012159,-0.013687843910884113,1.1119024753570557,-0.17500735819339752,-9.141951602697372,,
,0.01920016,40000,0.2,,0.0003,,190,0.022867737847263925,0.01158116,0.119482421875,0.9722721390426159,-0.01403527074289741,1.1230716705322266,-0.19201530516147614,-9.172244265675545,41.0,-3.2754024520516394
20,0.0191808,40960,0.2,1538,0.0003,26,,,,,,,,,,,
21,0.01913984,43008,0.2,1541,0.0003,27,200,0.01897834612755105,0.009601888,0.09716796875,0.9750722851604223,-0.011869123706128448,1.128143072128296,-0.20086845755577087,-9.211668521165848,,
22,0.01909888,45056,0.2,1545,0.0003,29,210,0.020281240867916495,0.011514356,0.111962890625,0.9742648173123598,-0.01380515302589629,1.1370134353637695,-0.16156436502933502,-9.249172404408455,,
23,0.01905792,47104,0.2,1548,0.0003,30,220,0.02043925863399636,0.011891101,0.12255859375,0.9750407729297876,-0.017460368793399537,1.1481075286865234,-0.18416567146778107,-9.300973936915398,,
24,0.01901696,49152,0.2,1544,0.0003,31,230,0.02203708563465625,0.009543767,0.087158203125,0.972752720117569,-0.010779597031068988,1.1570714712142944,-0.19270385801792145,-9.351940613985061,,
25,0.018976,51200,0.2,1547,0.0003,33,240,0.02022412451042328,0.014170004,0.126318359375,0.9741438142955303,-0.014453784629586153,1.166123628616333,-0.19421467185020447,-9.39192008972168,,
26,0.01893504,53248,0.2,1549,0.0003,34,250,0.016328652708034498,0.010494843,0.126416015625,0.978700302541256,-0.015362955525051802,1.1712913513183594,-0.2093038111925125,-9.427889508008956,,
27,0.01889408,55296,0.2,1549,0.0003,35,260,0.017716973609640262,0.010999698,0.109716796875,0.9785654377192259,-0.012312441485119053,1.1796467304229736,-0.20073887705802917,-9.460302200913429,,
28,0.01885312,57344,0.2,1551,0.0003,36,270,0.023204616401926614,0.008739753,0.09033203125,0.9701798912137747,-0.011223254512879066,1.182051181793213,-0.1802627593278885,-9.479202011227608,,
29,0.01881216,59392,0.2,1552,0.0003,38,280,0.020468192637781612,0.009994531,0.111181640625,0.9743876997381449,-0.015561445892672054,1.1813513040542603,-0.1605975329875946,-9.481075999140739,,
30,0.018771200000000002,61440,0.2,1555,0.0003,39,290,0.018212433578446506,0.011131879,0.121484375,0.9783145859837532,-0.016851641761604697,1.183229684829712,-0.1818183958530426,-9.482300657033921,,
31,0.018730240000000002,63488,0.2,1557,0.0003,40,300,0.017410648171789944,0.011353743,0.127880859375,0.9777221288532019,-0.013924450436024926,1.1839326620101929,-0.18471987545490265,-9.484962868690491,,
32,0.01868928,65536,0.2,1560,0.0003,41,310,0.01995938814652618,0.010726271,0.113427734375,0.9741727635264397,-0.012769258537446149,1.1890935897827148,-0.18526194989681244,-9.499716266989708,,
33,0.01864832,67584,0.2,1554,0.0003,43,320,0.0198978683387395,0.010303375,0.10947265625,0.9748080968856812,-0.0164283894788241,1.185435175895691,-0.1742418259382248,-9.498877155780793,,
34,0.01860736,69632,0.2,1543,0.0003,45,330,0.017973487538984045,0.010034222,0.11162109375,0.9788097180426121,-0.015582270576851442,1.1922582387924194,-0.1972050964832306,-9.509836739301681,,
35,0.0185664,71680,0.2,1536,0.0003,46,340,0.020243865926750003,0.010337278,0.117236328125,0.9744782596826553,-0.015331549750408157,1.1937311887741089,-0.16879771649837494,-9.527802774310112,,
36,0.01852544,73728,0.2,1533,0.0003,48,350,0.022944382802234032,0.011394789,0.134423828125,0.9725595749914646,-0.015366602124413476,1.195433259010315,-0.20588167011737823,-9.534779977798461,,
37,0.01848448,75776,0.2,1509,0.0003,50,360,0.021148375733173453,0.011121117,0.1341796875,0.973480585962534,-0.014381200436037033,1.2058286666870117,-0.18797078728675842,-9.567073675990105,,
38,0.01844352,77824,0.2,1502,0.0003,51,370,0.017043752004974523,0.010414176,0.126171875,0.9795219786465168,-0.014368926736642607,1.2082300186157227,-0.18737392127513885,-9.60067597925663,,
39,0.018402560000000002,79872,0.2,1502,0.0003,53,380,0.01934963715611957,0.012386654,0.142138671875,0.9781792517751455,-0.018011049876804464,1.223907709121704,-0.1831424981355667,-9.65119087100029,,
,0.01840016,80000,0.2,,0.0003,,390,0.018867357794079,0.010047339,0.1072265625,0.9758767243474722,-0.013464097448741085,1.2246689796447754,-0.19865433871746063,-9.685336115956307,41.0,-3.2636406391859056
40,0.0183616,81920,0.2,1495,0.0003,54,,,,,,,,,,,
41,0.01832064,83968,0.2,1498,0.0003,56,400,0.01699153373920126,0.012376672,0.13388671875,0.9772304315119982,-0.01664307340834057,1.2238597869873047,-0.1729770451784134,-9.684909829497338,,
42,0.01827968,86016,0.2,1501,0.0003,57,410,0.01715952925151214,0.009734829,0.11728515625,0.977055249735713,-0.015544670258532279,1.2341986894607544,-0.19273430109024048,-9.706500586867332,,
43,0.01823872,88064,0.2,1500,0.0003,58,420,0.018539118149783464,0.011911967,0.134521484375,0.9752869382500648,-0.017244369027321228,1.2531015872955322,-0.21677857637405396,-9.784478837251664,,
44,0.01819776,90112,0.2,1503,0.0003,59,430,0.02006872825731989,0.00996865,0.113037109375,0.9754944406449795,-0.014258982345927507,1.2540581226348877,-0.20160773396492004,-9.828999841213227,,
45,0.0181568,92160,0.2,1504,0.0003,61,440,0.01554361750895623,0.008705586,0.0943359375,0.9803972151130438,-0.012097828020341695,1.262650489807129,-0.18396127223968506,-9.856516566872596,,
46,0.01811584,94208,0.2,1503,0.0003,62,450,0.019549713461310604,0.010220364,0.101123046875,0.9790564775466919,-0.011941201584704686,1.2690887451171875,-0.18064263463020325,-9.889961478114127,,
47,0.01807488,96256,0.2,1499,0.0003,64,460,0.02149594153452199,0.010040335,0.098876953125,0.9753639325499535,-0.012321761000202968,1.2772722244262695,-0.14857658743858337,-9.925053876638412,,
48,0.018033920000000002,98304,0.2,1496,0.0003,65,470,0.02456525467860047,0.0113759935,0.12529296875,0.9723707903176546,-0.01418488608323969,1.2786920070648193,-0.17098742723464966,-9.945645576715469,,
49,0.017992960000000002,100352,0.2,1495,0.0003,67,480,0.02267921759339515,0.010967852,0.11787109375,0.9713884927332401,-0.016344509623013436,1.2960747480392456,-0.21549436450004578,-9.995053154230117,,
50,0.017952,102400,0.2,1496,0.0003,68,490,0.02237868117517792,0.012404762,0.136669921875,0.9727914165705442,-0.014421648185816593,1.3107054233551025,-0.16443723440170288,-10.064649385213851,,
51,0.01791104,104448,0.2,1496,0.0003,69,500,0.024986932091997004,0.011364797,0.1349609375,0.9726092740893364,-0.017087396772694774,1.3172358274459839,-0.20023861527442932,-10.112508615851402,,
52,0.01787008,106496,0.2,1498,0.0003,71,510,0.019569065733230674,0.011255488,0.12099609375,0.9760813750326633,-0.013634573644958436,1.317233920097351,-0.195100337266922,-10.128367123007774,,
53,0.01782912,108544,0.2,1499,0.0003,72,520,0.01983439502073452,0.012609039,0.138134765625,0.9769130181521177,-0.017950045605539346,1.315941333770752,-0.18772947788238525,-10.12586120069027,,
54,0.01778816,110592,0.2,1500,0.0003,73,530,0.020779746331390923,0.010502644,0.1189453125,0.9743734933435917,-0.012411687448911834,1.324055552482605,-0.18587654829025269,-10.144129487872124,,
55,0.0177472,112640,0.2,1500,0.0003,75,540,0.02542155781702604,0.010234506,0.1078125,0.971501562744379,-0.013703147013438865,1.32733952999115,-0.18407537043094635,-10.167587420344352,,
56,0.01770624,114688,0.2,1502,0.0003,76,550,0.021321360874571836,0.009004695,0.090576171875,0.9737191069871187,-0.014586403215071186,1.3308618068695068,-0.20678186416625977,-10.177376699447631,,
57,0.01766528,116736,0.2,1504,0.0003,77,560,0.018670799079700373,0.011033214,0.112255859375,0.9709593039005995,-0.018974413044634274,1.3301316499710083,-0.17775991559028625,-10.186419525742531,,
58,0.01762432,118784,0.2,1506,0.0003,78,570,0.02185765981557779,0.011028547,0.1064453125,0.9730433747172356,-0.013795621928875335,1.336462378501892,-0.17090971767902374,-10.201143816113472,,
,0.01760016,120000,0.2,,0.0003,,580,0.020647308975458144,0.009861939,0.10048828125,0.9771058112382889,-0.014137999195372685,1.3401174545288086,-0.21195989847183228,-10.223196586966514,41.0,-3.3687252908945085
59,0.01758336,120832,0.2,1502,0.0003,80,,,,,,,,,,,
60,0.0175424,122880,0.2,1504,0.0003,81,590,0.01883149898785632,0.011345835,0.116455078125,0.9778220746666193,-0.016545078775379807,1.3608036041259766,-0.198634073138237,-10.277610737085343,,
61,0.01750144,124928,0.2,1505,0.0003,82,600,0.020373094431124627,0.010744256,0.1177734375,0.9735540598630905,-0.014767227225820533,1.3591711521148682,-0.18361862003803253,-10.317075663805008,,
62,0.01746048,126976,0.2,1507,0.0003,84,610,0.015712730228551665,0.009192764,0.085888671875,0.9793358854949474,-0.012718010412936565,1.37223219871521,-0.21816931664943695,-10.345098075270652,,
63,0.01741952,129024,0.2,1509,0.0003,85,620,0.014892414171481506,0.010089582,0.121435546875,0.983233816921711,-0.016662382186041214,1.3808424472808838,-0.1995977759361267,-10.391369462013245,,
64,0.01737856,131072,0.2,1512,0.0003,86,630,0.019525424239691346,0.009796968,0.087744140625,0.9746879525482655,-0.012522548108245246,1.377744197845459,-0.17087912559509277,-10.390421703457832,,
65,0.0173376,133120,0.2,1513,0.0003,87,640,0.019164416476269253,0.009934612,0.10849609375,0.9747598357498646,-0.014062613635906019,1.3853342533111572,-0.20093271136283875,-10.39358933866024,,
66,0.017296640000000002,135168,0.2,1512,0.0003,89,650,0.01842118112836033,0.009740008,0.09892578125,0.976492628455162,-0.0145425329945283,1.393119215965271,-0.19364361464977264,-10.422780087590217,,
67,0.01725568,137216,0.2,1513,0.0003,90,660,0.021183028578525408,0.01459165,0.1703125,0.9770647864788771,-0.020469214132754134,1.4054419994354248,-0.1791466474533081,-10.462868070602417,,
68,0.01721472,139264,0.2,1512,0.0003,92,670,0.020043850704678335,0.009349101,0.105419921875,0.9749603513628244,-0.014653194625861943,1.4120824337005615,-0.15627700090408325,-10.498666867613792,,
69,0.01717376,141312,0.2,1514,0.0003,93,680,0.023418500291882083,0.012136255,0.1244140625,0.9688139520585537,-0.01684406638960354,1.411977767944336,-0.1916942447423935,-10.512539571523666,,
70,0.0171328,143360,0.2,1515,0.0003,94,690,0.021985439292620867,0.011917703,0.119482421875,0.9732982777059078,-0.01705177981639281,1.410828948020935,-0.1989547163248062,-10.506997811794282,,
71,0.01709184,145408,0.2,1516,0.0003,95,700,0.019023960377671754,0.010274595,0.1115234375,0.9786265287548304,-0.015849523030919955,1.4150893688201904,-0.16225767135620117,-10.513593754172325,,
72,0.01705088,147456,0.2,1518,0.0003,97,710,0.02093401648744475,0.010882607,0.114599609375,0.9753353260457516,-0.014817954880709295,1.4271180629730225,-0.19745521247386932,-10.552228516340255,,
73,0.01700992,149504,0.2,1519,0.0003,98,720,0.019958513538585975,0.011535555,0.123095703125,0.9762916229665279,-0.01662898310169112,1.4332464933395386,-0.19711773097515106,-10.594244003295898,,
74,0.01696896,151552,0.2,1520,0.0003,99,730,0.024377026298316194,0.011888339,0.121826171875,0.9735354892909527,-0.01827635833178647,1.4446687698364258,-0.18214064836502075,-10.625025475025177,,
75,0.016928000000000002,153600,0.2,1521,0.0003,100,740,0.02314753312675748,0.008616357,0.10087890625,0.9745061658322811,-0.014996769036224577,1.4538192749023438,-0.1970953792333603,-10.657601144909858,,
76,0.01688704,155648,0.2,1522,0.0003,102,750,0.022251997553394177,0.010635644,0.116064453125,0.9753648303449154,-0.017298731225309893,1.464542269706726,-0.19936314225196838,-10.699693977832794,,
77,0.01684608,157696,0.2,1524,0.0003,103,760,0.019747758487937972,0.00973147,0.1021484375,0.9756986945867538,-0.014253090962301939,1.4743250608444214,-0.19633720815181732,-10.738523468375206,,
78,0.01680512,159744,0.2,1525,0.0003,104,770,0.017091595535748638,0.009846112,0.102880859375,0.9790692217648029,-0.015201879336382262,1.4697822332382202,-0.19414383172988892,-10.746499681472779,,
,0.01680016,160000,0.2,,0.0003,,780,0.018560817670368122,0.013000878,0.145947265625,0.9799457676708698,-0.01991725022380706,1.4721992015838623,-0.20030905306339264,-10.741598671674728,41.0,-3.2810322120785713
79,0.01676416,161792,0.2,1522,0.0003,106,,,,,,,,,,,
80,0.0167232,163840,0.2,1523,0.0003,107,790,0.02349464653234463,0.012226548,0.123583984375,0.9696206133812666,-0.016845092017319985,1.487797737121582,-0.19709068536758423,-10.780596759915351,,
81,0.01668224,165888,0.2,1524,0.0003,108,800,0.023475146148120983,0.010603643,0.11591796875,0.9709367919713259,-0.015691388587583788,1.4941868782043457,-0.19859634339809418,-10.823577311635017,,
82,0.01664128,167936,0.2,1526,0.0003,110,810,0.017834190838038923,0.012358473,0.133154296875,0.977169306948781,-0.020025137459742836,1.5007197856903076,-0.20515835285186768,-10.844647043943406,,
83,0.016600320000000002,169984,0.2,1527,0.0003,111,820,0.016974368935916574,0.011184393,0.11787109375,0.980595301836729,-0.01633021558227483,1.5003035068511963,-0.19293785095214844,-10.85104614496231,,
84,0.016559360000000002,172032,0.2,1528,0.0003,112,830,0.021387112568481824,0.010958962,0.117919921875,0.9732870161533356,-0.018340298137627543,1.4996967315673828,-0.186117485165596,-10.839743533730507,,
85,0.0165184,174080,0.2,1529,0.0003,113,840,0.020991903662797996,0.010498166,0.1138671875,0.9743101391941309,-0.018379739904776215,1.493326187133789,-0.16822928190231323,-10.815044361352921,,
86,0.01647744,176128,0.2,1530,0.0003,115,850,0.023507153202081098,0.012102506,0.14970703125,0.9723315630108118,-0.022284597565885633,1.5007398128509521,-0.19732733070850372,-10.816589051485062,,
87,0.01643648,178176,0.2,1531,0.0003,116,860,0.017971453216159717,0.010244221,0.11474609375,0.9783709179610014,-0.016128573133028113,1.5043792724609375,-0.18066290020942688,-10.831734642386436,,
88,0.01639552,180224,0.2,1533,0.0003,117,870,0.019610458164243026,0.01265519,0.138525390625,0.9757283050566912,-0.020960013149306178,1.512073040008545,-0.19202814996242523,-10.848415711522103,,
89,0.01635456,182272,0.2,1532,0.0003,118,880,0.016920629231026395,0.0108382,0.120947265625,0.9776451885700226,-0.017859238208620808,1.5168516635894775,-0.1859750747680664,-10.865801280736923,,
90,0.0163136,184320,0.2,1533,0.0003,120,890,0.020231390450499022,0.010533195,0.1185546875,0.9760572388768196,-0.01659571835771203,1.5325956344604492,-0.1660132259130478,-10.901841416954994,,
91,0.01627264,186368,0.2,1533,0.0003,121,900,0.019775437662610786,0.010998733,0.118896484375,0.9747628979384899,-0.015957321782479994,1.535391092300415,-0.1816069483757019,-10.93449122607708,,
92,0.016231680000000002,188416,0.2,1534,0.0003,122,910,0.018283455868368038,0.01174511,0.133447265625,0.9784350730478764,-0.020615301106590777,1.534645438194275,-0.17887985706329346,-10.941645449399948,,
93,0.01619072,190464,0.2,1534,0.0003,124,920,0.018547388608567417,0.0094392,0.11298828125,0.9765693359076977,-0.01725375127280131,1.542172908782959,-0.1792813390493393,-10.95485624074936,,
94,0.01614976,192512,0.2,1535,0.0003,125,930,0.017228790861554443,0.009566526,0.11064453125,0.977734737098217,-0.015214150690007954,1.547399878501892,-0.16199378669261932,-10.974603947997092,,
95,0.0161088,194560,0.2,1536,0.0003,126,940,0.01985440841235686,0.010402128,0.119775390625,0.9760211780667305,-0.015805984515463934,1.547057032585144,-0.1734168529510498,-10.984063103795052,,
96,0.01606784,196608,0.2,1537,0.0003,127,950,0.021278454127605075,0.011821724,0.13564453125,0.9765297845005989,-0.016952749973279425,1.5438294410705566,-0.19856509566307068,-10.98318549990654,,
97,0.01602688,198656,0.2,1538,0.0003,129,960,0.019228838544222526,0.011033747,0.11962890625,0.9759228806942701,-0.017497995967278256,1.5487468242645264,-0.1749493032693863,-10.977756842970848,,
,0.01600016,200000,0.2,,0.0003,,970,0.023439167547621764,0.009271901,0.109423828125,0.9693253897130489,-0.015897144831251354,1.5537281036376953,-0.19857977330684662,-10.994949850440026,41.0,-3.428661121428013
98,0.01598592,200704,0.2,1535,0.0003,130,,,,,,,,,,,
99,0.01594496,202752,0.2,1535,0.0003,132,980,0.019735842596855947,0.009570368,0.1046875,0.975164033472538,-0.015545742613903712,1.5536811351776123,-0.17957302927970886,-11.00113554596901,,
100,0.015904,204800,0.2,1534,0.0003,133,990,0.022467025995138102,0.01036253,0.125830078125,0.9729415141046047,-0.01766213065420743,1.5509933233261108,-0.18664947152137756,-10.988939279317856,,
101,0.015863040000000002,206848,0.2,1535,0.0003,134,1000,0.018766205516294578,0.0101072155,0.11025390625,0.9770054239779711,-0.015761143274721688,1.558419108390808,-0.1906949132680893,-11.002216851711273,,
102,0.015822080000000002,208896,0.2,1536,0.0003,135,1010,0.017547954405017663,0.00935732,0.098974609375,0.9770707581192255,-0.015424561908002943,1.5568816661834717,-0.19638711214065552,-11.015078407526016,,
103,0.01578112,210944,0.2,1537,0.0003,137,1020,0.019771586015122012,0.010360301,0.11748046875,0.9744643364101648,-0.01647152575023938,1.568453311920166,-0.19940976798534393,-11.033971500396728,,
104,0.01574016,212992,0.2,1538,0.0003,138,1030,0.02110310422431212,0.0099937115,0.11552734375,0.9754495173692703,-0.01708229680371005,1.5628541707992554,-0.1970302015542984,-11.037728211283683,,
105,0.0156992,215040,0.2,1539,0.0003,139,1040,0.0238709007302532,0.011134243,0.131396484375,0.9714088998734951,-0.016716906244982965,1.5626866817474365,-0.19068704545497894,-11.026401355862617,,
106,0.01565824,217088,0.2,1540,0.0003,140,1050,0.020150330316391775,0.009830549,0.0951171875,0.976498182862997,-0.015706162390415557,1.5840009450912476,-0.20689937472343445,-11.073895171284676,,
107,0.01561728,219136,0.2,1541,0.0003,142,1060,0.01878272462345194,0.011014045,0.122705078125,0.9769268501549959,-0.017514272560947574,1.5934040546417236,-0.19420066475868225,-11.12717019021511,,
108,0.015576320000000001,221184,0.2,1542,0.0003,143,1070,0.019501847875653767,0.010424418,0.103076171875,0.976497845724225,-0.0176302664243849,1.5921928882598877,-0.19392898678779602,-11.142719754576683,,
109,0.01553536,223232,0.2,1543,0.0003,144,1080,0.017175491515081374,0.010646352,0.126025390625,0.9786951076239347,-0.018884011966292746,1.5995290279388428,-0.2052910029888153,-11.156754717230797,,
110,0.0154944,225280,0.2,1544,0.0003,145,1090,0.01902071713702753,0.011417253,0.128369140625,0.9773761015385389,-0.019922147010220215,1.61570143699646,-0.1748942881822586,-11.199412900209428,,
111,0.01545344,227328,0.2,1545,0.0003,147,1100,0.02080940161831677,0.009787554,0.096337890625,0.9744438007473946,-0.019215161981992423,1.6244604587554932,-0.19188635051250458,-11.232124075293541,,
112,0.01541248,229376,0.2,1546,0.0003,148,1110,0.01836315881810151,0.0102814045,0.115185546875,0.9775452520698309,-0.017911671701585873,1.629780650138855,-0.20180830359458923,-11.250558996200562,,
113,0.01537152,231424,0.2,1547,0.0003,149,1120,0.0210792695696,0.009102145,0.10185546875,0.9742423631250858,-0.016473182819026988,1.6351174116134644,-0.16264081001281738,-11.267917513847351,,
114,0.01533056,233472,0.2,1547,0.0003,150,1130,0.021119818152510562,0.008091202,0.067578125,0.9740765299648046,-0.014033287488564384,1.6371269226074219,-0.1852491945028305,-11.277189683914184,,
115,0.0152896,235520,0.2,1546,0.0003,152,1140,0.0194120132480748,0.010031277,0.09716796875,0.9750038161873817,-0.015185517887584866,1.6385358572006226,-0.18817339837551117,-11.285685381293296,,
116,0.01524864,237568,0.2,1547,0.0003,153,1150,0.015416765652480536,0.011745997,0.13681640625,0.9812795575708151,-0.019530995146487838,1.6399606466293335,-0.18347781896591187,-11.300107675790787,,
117,0.015207680000000001,239616,0.2,1548,0.0003,154,1160,0.02247001350915525,0.010016214,0.1138671875,0.9709229189902544,-0.016958999590133316,1.651531457901001,-0.21717886626720428,-11.317786887288094,,
,0.01520016,240000,0.2,,0.0003,,1170,0.02109069608268328,0.00899162,0.09521484375,0.97515600733459,-0.016337148594902828,1.651552677154541,-0.18519024550914764,-11.330569127202034,41.0,-3.2276490345597266
118,0.015166720000000002,241664,0.2,1546,0.0003,156,,,,,,,,,,,
119,0.01512576,243712,0.2,1546,0.0003,157,1180,0.018869378662202507,0.010200132,0.11025390625,0.9776116386055946,-0.018503149674506857,1.6533620357513428,-0.17953450977802277,-11.334817346930503,,
120,0.015084799999999999,245760,0.2,1547,0.0003,158,1190,0.01629723242513137,0.009342674,0.10625,0.9762557223439217,-0.015938084191293455,1.6596293449401855,-0.19995510578155518,-11.34887299835682,,
121,0.01504384,247808,0.2,1548,0.0003,160,1200,0.020976058757514692,0.010882873,0.133251953125,0.9739452432841063,-0.02006579641456483,1.660481333732605,-0.2016325145959854,-11.351873445510865,,
122,0.01500288,249856,0.2,1549,0.0003,161,1210,0.021970390278147532,0.009637738,0.095751953125,0.9731745719909668,-0.014148727327119559,1.665549635887146,-0.16636912524700165,-11.35957716703415,,
123,0.01496192,251904,0.2,1549,0.0003,162,1220,0.020790598602616228,0.0100156125,0.108203125,0.9751786272972822,-0.017775700362108182,1.673291563987732,-0.18261907994747162,-11.3765939027071,,
124,0.01492096,253952,0.2,1549,0.0003,163,1230,0.01514794421964325,0.010680736,0.11171875,0.9811356142163277,-0.018470208620419724,1.676701545715332,-0.21401503682136536,-11.387167277932168,,
125,0.01488,256000,0.2,1550,0.0003,165,1240,0.018236644932767377,0.011100151,0.127099609375,0.9778947290033102,-0.018135499888740015,1.688593864440918,-0.19386033713817596,-11.416150641441345,,
126,0.014839040000000001,258048,0.2,1551,0.0003,166,1250,0.016195038339355962,0.010752949,0.1216796875,0.9769489448517561,-0.01803576083329972,1.6927995681762695,-0.19873270392417908,-11.442482846975327,,
127,0.014798080000000002,260096,0.2,1551,0.0003,167,1260,0.0170448081655195,0.009633584,0.112060546875,0.9788361098617315,-0.017072600583196616,1.7020232677459717,-0.18318694829940796,-11.466725921630859,,
128,0.01475712,262144,0.2,1552,0.0003,168,1270,0.021460834835306742,0.009198029,0.1107421875,0.9727897047996521,-0.017801521107321604,1.6977638006210327,-0.18785743415355682,-11.47366863489151,,
129,0.01471616,264192,0.2,1553,0.0003,170,1280,0.020062961350777186,0.010151525,0.106884765625,0.9764906205236912,-0.014351213155896403,1.7101876735687256,-0.19746170938014984,-11.49243106842041,,
130,0.014675200000000001,266240,0.2,1553,0.0003,171,1290,0.019492720524431205,0.011145346,0.109814453125,0.9739196673035622,-0.016574992952519095,1.7104074954986572,-0.2017841637134552,-11.508738589286803,,
131,0.01463424,268288,0.2,1554,0.0003,172,1300,0.021618527537793853,0.011092621,0.122900390625,0.9706673212349415,-0.01876908979611471,1.705057144165039,-0.17426559329032898,-11.496414828300477,,
132,0.01459328,270336,0.2,1555,0.0003,173,1310,0.02305606197041925,0.012169329,0.1166015625,0.9735554289072752,-0.017734828346874565,1.7184165716171265,-0.1877829134464264,-11.514355167746544,,
133,0.01455232,272384,0.2,1555,0.0003,175,1320,0.019057573020108975,0.009835066,0.1001953125,0.9780014920979738,-0.018770771229173987,1.7124176025390625,-0.19208648800849915,-11.521023920178413,,
134,0.014511360000000001,274432,0.2,1556,0.0003,176,1330,0.019339484951342457,0.009310871,0.09306640625,0.9742972664535046,-0.014514275261899457,1.7235901355743408,-0.1781885325908661,-11.531122854351997,,
135,0.014470400000000001,276480,0.2,1556,0.0003,177,1340,0.023115343385143206,0.009036191,0.0923828125,0.9715613983571529,-0.016043970891041683,1.7322046756744385,-0.19211888313293457,-11.56503791809082,,
136,0.01442944,278528,0.2,1557,0.0003,178,1350,0.01870819189643953,0.010701491,0.12275390625,0.9764237999916077,-0.018798211673856712,1.7207958698272705,-0.16051971912384033,-11.556984847784042,,
,0.014400159999999999,280000,0.2,,0.0003,,1360,0.02853922061040066,0.009941218,0.118212890625,0.9680656082928181,-0.016693529710755682,1.7196325063705444,-0.16396166384220123,-11.536398550868034,41.0,-3.5326244428753855
137,0.01438848,280576,0.2,1554,0.0003,180,,,,,,,,,,,
138,0.01434752,282624,0.2,1555,0.0003,181,1370,0.019131102663232015,0.01073152,0.125634765625,0.9717672597616911,-0.020120173538452947,1.714897871017456,-0.1829683631658554,-11.530836009979248,,
139,0.01430656,284672,0.2,1555,0.0003,182,1380,0.019198705846793018,0.010911131,0.1216796875,0.975317994132638,-0.018918980023590846,1.7103023529052734,-0.19052906334400177,-11.514241892099381,,
140,0.0142656,286720,0.2,1556,0.0003,184,1390,0.017678048997186124,0.012417814,0.157373046875,0.9779503289610147,-0.023344449090654962,1.7057759761810303,-0.15661507844924927,-11.49879370033741,,
141,0.01422464,288768,0.2,1557,0.0003,185,1400,0.02039256924181245,0.010101589,0.108056640625,0.9759897366166115,-0.019170040625613182,1.697040319442749,-0.21871373057365417,-11.476567909121513,,
142,0.01418368,290816,0.2,1557,0.0003,186,1410,0.02274811530660372,0.010002765,0.106005859375,0.9734876379370689,-0.017059295176295564,1.7064459323883057,-0.19124601781368256,-11.486462384462357,,
143,0.014142720000000001,292864,0.2,1558,0.0003,187,1420,0.019541349716018886,0.009931295,0.105859375,0.9756527747958899,-0.017273218106129206,1.7105941772460938,-0.17120587825775146,-11.499443784356117,,
144,0.014101760000000001,294912,0.2,1558,0.0003,189,1430,0.017792824949719944,0.008833212,0.0892578125,0.9777837116271257,-0.01576534042833373,1.7072780132293701,-0.17523343861103058,-11.49420798122883,,
145,0.0140608,296960,0.2,1559,0.0003,190,1440,0.019241659253020772,0.010992004,0.128759765625,0.9777374099940062,-0.01954077806149144,1.7222681045532227,-0.1762886494398117,-11.516506984829903,,
146,0.01401984,299008,0.2,1559,0.0003,191,1450,0.020234492293093355,0.010036744,0.120751953125,0.9750096686184406,-0.020039036055095494,1.7175263166427612,-0.1942666918039322,-11.519002166390418,,
147,0.01397888,301056,0.2,1560,0.0003,192,1460,0.017178353769122624,0.010772665,0.11845703125,0.9791992455720901,-0.01847982540493831,1.7121680974960327,-0.1835390031337738,-11.496876871585846,,
148,0.01393792,303104,0.2,1560,0.0003,194,1470,0.021024308100459167,0.0121291885,0.126220703125,0.974148703739047,-0.02179998977226205,1.7011935710906982,-0.17332547903060913,-11.467609265446663,,
149,0.01389696,305152,0.2,1560,0.0003,195,1480,0.018636307262931952,0.009521127,0.0951171875,0.9780484028160572,-0.015827139222528784,1.6962363719940186,-0.17664189636707306,-11.441604167222977,,
150,0.013856,307200,0.2,1561,0.0003,196,1490,0.02440140369872097,0.011119451,0.11923828125,0.9707837514579296,-0.02009950305800885,1.6943531036376953,-0.15765243768692017,-11.428044602274895,,
151,0.01381504,309248,0.2,1562,0.0003,197,1500,0.02152023295930121,0.010564694,0.11572265625,0.9719504117965698,-0.018030680387164467,1.7054903507232666,-0.19050341844558716,-11.444633948802949,,
152,0.013774080000000001,311296,0.2,1562,0.0003,199,1510,0.018884472351055594,0.010142729,0.100244140625,0.9770088642835617,-0.017753557406831533,1.713014006614685,-0.17816045880317688,-11.469927871227265,,
153,0.01373312,313344,0.2,1562,0.0003,200,1520,0.02226787924009841,0.0121703185,0.1380859375,0.9740655068308115,-0.019769960310077293,1.7203445434570312,-0.16845540702342987,-11.494819021224975,,
154,0.01369216,315392,0.2,1563,0.0003,201,1530,0.017536315150209703,0.010004373,0.116845703125,0.9766605347394943,-0.0186142684542574,1.730346441268921,-0.17536593973636627,-11.519451561570168,,
155,0.0136512,317440,0.2,1563,0.0003,203,1540,0.020690417475998403,0.011073908,0.13408203125,0.9734025038778782,-0.022745120149920695,1.7398227453231812,-0.1862567514181137,-11.537011349201203,,
156,0.01361024,319488,0.2,1564,0.0003,204,1550,0.01842152244062163,0.0105453925,0.10888671875,0.9766406528651714,-0.019096696461201646,1.7472724914550781,-0.1705215573310852,-11.54922176003456,,
,0.01360016,320000,0.2,,0.0003,,1560,0.013619616892538034,0.011377551,0.122216796875,0.9839416611939669,-0.0218941960047232,1.7479922771453857,-0.15010301768779755,-11.562214386463165,41.0,-3.4371435679495335
157,0.01356928,321536,0.2,1562,0.0003,205,,,,,,,,,,,
158,0.01352832,323584,0.2,1562,0.0003,207,1570,0.0162117275831406,0.010005273,0.097265625,0.979738961905241,-0.018608792463783174,1.7447316646575928,-0.19672255218029022,-11.55284323990345,,
159,0.01348736,325632,0.2,1562,0.0003,208,1580,0.014805404309299774,0.010693072,0.127294921875,0.9818322211503983,-0.01929800260695629,1.7515767812728882,-0.18041837215423584,-11.55711052119732,,
160,0.0134464,327680,0.2,1562,0.0003,209,1590,0.017457387907779776,0.010506479,0.12216796875,0.9763818196952343,-0.022871892846887933,1.760072946548462,-0.17872558534145355,-11.589768260717392,,
161,0.013405440000000001,329728,0.2,1563,0.0003,210,1600,0.023096637055277824,0.011394823,0.13359375,0.9713673833757639,-0.02098831131006591,1.7526795864105225,-0.16570277512073517,-11.587395891547203,,
162,0.01336448,331776,0.2,1562,0.0003,212,1610,0.020253901969408617,0.009785846,0.110986328125,0.9756834115833044,-0.01829374248336535,1.7634670734405518,-0.1758030652999878,-11.585475689172744,,
163,0.01332352,333824,0.2,1563,0.0003,213,1620,0.022693968744715676,0.010229178,0.102099609375,0.9716167487204075,-0.017609993982478044,1.7656476497650146,-0.15662284195423126,-11.604436349868774,,
164,0.01328256,335872,0.2,1563,0.0003,214,1630,0.0173464192164829,0.010519903,0.10908203125,0.9778071586042643,-0.01811669564631302,1.7764949798583984,-0.1301564872264862,-11.629786199331283,,
165,0.0132416,337920,0.2,1563,0.0003,216,1640,0.016525113649549894,0.010594329,0.116064453125,0.9796649925410748,-0.02029198140371591,1.7892473936080933,-0.17706309258937836,-11.663668379187584,,
166,0.01320064,339968,0.2,1564,0.0003,217,1650,0.01813342628593091,0.008840838,0.1041015625,0.9781365133821964,-0.01988366600126028,1.782889723777771,-0.14926698803901672,-11.66349427998066,,
167,0.01315968,342016,0.2,1565,0.0003,218,1660,0.021624131238786502,0.0096188355,0.10537109375,0.9701858703047037,-0.020331227309361564,1.79409921169281,-0.14677107334136963,-11.668634873628616,,
168,0.01311872,344064,0.2,1565,0.0003,219,1670,0.019361492071766406,0.012194376,0.1482421875,0.9747344609349966,-0.02299146487202961,1.7927411794662476,-0.1660863608121872,-11.679546990990639,,
169,0.01307776,346112,0.2,1565,0.0003,221,1680,0.01792982992483303,0.010396639,0.112939453125,0.9786469433456659,-0.020925102522596717,1.7978675365447998,-0.1607431024312973,-11.685051953792572,,
170,0.0130368,348160,0.2,1566,0.0003,222,1690,0.020077201077947394,0.011997186,0.12490234375,0.9759097285568714,-0.021426527833682485,1.7958767414093018,-0.155034601688385,-11.694370496273041,,
171,0.01299584,350208,0.2,1566,0.0003,223,1700,0.020528604701394216,0.0114143845,0.127783203125,0.9738043583929539,-0.022164653777144848,1.802058458328247,-0.1756962537765503,-11.695340263843537,,
172,0.01295488,352256,0.2,1566,0.0003,224,1710,0.02289221928222105,0.00916056,0.093994140625,0.9696159493178129,-0.019922762356873135,1.7909244298934937,-0.17997410893440247,-11.6739183396101,,
173,0.012913919999999999,354304,0.2,1567,0.0003,226,1720,0.01871325965912547,0.010657802,0.116748046875,0.977228544652462,-0.020406427190755493,1.7940139770507812,-0.1735069751739502,-11.651462319493294,,
174,0.01287296,356352,0.2,1568,0.0003,227,1730,0.019197370682377368,0.013616528,0.15361328125,0.9732527732849121,-0.025417566811665893,1.7764400243759155,-0.18838801980018616,-11.616692295670509,,
175,0.012832,358400,0.2,1568,0.0003,228,1740,0.018323371376027353,0.01026479,0.11064453125,0.9778953120112419,-0.019343030586605893,1.7755897045135498,-0.15533505380153656,-11.585580205917358,,
,0.012800160000000001,360000,0.2,,0.0003,,1750,0.018853593460517005,0.010179995,0.127099609375,0.9774976819753647,-0.021356338076293467,1.7811334133148193,-0.17498911917209625,-11.587573119997979,41.0,-3.375192792713642
176,0.01279104,360448,0.2,1566,0.0003,230,,,,,,,,,,,
177,0.01275008,362496,0.2,1566,0.0003,231,1760,0.019623977574519814,0.010459514,0.118212890625,0.9740575011819601,-0.022159115679096432,1.7811192274093628,-0.1625785082578659,-11.59256786108017,,
178,0.01270912,364544,0.2,1565,0.0003,232,1770,0.016712736067711377,0.010481488,0.119580078125,0.9785807244479656,-0.020966231179772876,1.771575927734375,-0.15989334881305695,-11.567791667580604,,
179,0.012668160000000001,366592,0.2,1566,0.0003,234,1780,0.020321511838119477,0.01083645,0.1033203125,0.9739953819662333,-0.019541354043758473,1.7742598056793213,-0.16110174357891083,-11.549909189343452,,
180,0.0126272,368640,0.2,1565,0.0003,235,1790,0.016229564465174918,0.013978813,0.14892578125,0.9744568672031164,-0.021625942701939495,1.7721532583236694,-0.16169273853302002,-11.542881989479065,,
181,0.01258624,370688,0.2,1566,0.0003,236,1800,0.019482746682479048,0.0091899615,0.098388671875,0.9757020119577646,-0.01894966486142948,1.7605952024459839,-0.18253901600837708,-11.528140267729759,,
182,0.012545279999999999,372736,0.2,1566,0.0003,237,1810,0.0175998601509491,0.009390725,0.093115234375,0.9791028406471014,-0.017754333818447775,1.7737841606140137,-0.1495574414730072,-11.526390972733498,,
183,0.01250432,374784,0.2,1566,0.0003,239,1820,0.019545534209464678,0.0128328,0.142431640625,0.9766663294285536,-0.02272199306753464,1.7805194854736328,-0.1757676601409912,-11.553394290804864,,
184,0.01246336,376832,0.2,1566,0.0003,240,1830,0.018732675211504103,0.010185849,0.10029296875,0.9766613133251667,-0.020004004341899417,1.7853511571884155,-0.19104814529418945,-11.572578394412995,,
185,0.0124224,378880,0.2,1566,0.0003,241,1840,0.017660743067972363,0.010163125,0.0978515625,0.9781517535448074,-0.020561999335768633,1.7737948894500732,-0.16980920732021332,-11.553509309887886,,
186,0.01238144,380928,0.2,1566,0.0003,243,1850,0.016933504556072877,0.011495845,0.125244140625,0.9813924580812454,-0.020947019642335363,1.7757136821746826,-0.17785920202732086,-11.534074997901916,,
187,0.012340480000000001,382976,0.2,1567,0.0003,244,1860,0.01687530162453186,0.010742553,0.115625,0.9784076120704412,-0.02095100158767309,1.7675689458847046,-0.13378749787807465,-11.511814546585082,,
188,0.012299520000000001,385024,0.2,1567,0.0003,245,1870,0.017761328467167915,0.011291957,0.12548828125,0.9773606732487679,-0.02288078870042227,1.768744707107544,-0.17699319124221802,-11.488087925314904,,
189,0.01225856,387072,0.2,1568,0.0003,246,1880,0.016713999831699765,0.013037145,0.144140625,0.9752613641321659,-0.023919835590641016,1.7735995054244995,-0.1548294872045517,-11.502822560071944,,
190,0.012217599999999999,389120,0.2,1568,0.0003,248,1890,0.01610636163095478,0.008697933,0.094091796875,0.9809575714170933,-0.017374988654046318,1.7706212997436523,-0.1704815924167633,-11.505494898557663,,
191,0.01217664,391168,0.2,1568,0.0003,249,1900,0.01803572750359308,0.010566032,0.119482421875,0.977766364812851,-0.017352350187138654,1.7575993537902832,-0.1669381707906723,-11.482995107769966,,
192,0.01213568,393216,0.2,1569,0.0003,250,1910,0.017964740536990577,0.011170872,0.133984375,0.9747842215001583,-0.024451311473967507,1.7554343938827515,-0.1497269868850708,-11.466876929998397,,
193,0.01209472,395264,0.2,1569,0.0003,251,1920,0.02019848148629535,0.012280041,0.143505859375,0.9732425659894943,-0.023245969065465034,1.7540158033370972,-0.13615839183330536,-11.465726312994956,,
194,0.01205376,397312,0.2,1569,0.0003,253,1930,0.01732077563647181,0.009709334,0.09560546875,0.9799975492060184,-0.019592899386771022,1.7605373859405518,-0.1468944400548935,-11.477606838941574,,
195,0.0120128,399360,0.2,1570,0.0003,254,1940,0.021630454005207866,0.010955205,0.119580078125,0.9733080379664898,-0.021698717612889596,1.7688283920288086,-0.15439900755882263,-11.49469747543335,,
,0.01200016,400000,0.2,,0.0003,,1950,0.023809945982065983,0.011222262,0.130859375,0.9697389882057905,-0.024016575462883338,1.7631863355636597,-0.1645563542842865,-11.484546688199043,41.0,-3.4764746613800526
196,0.011971840000000001,401408,0.2,1568,0.0003,255,,,,,,,,,,,
197,0.011930880000000001,403456,0.2,1568,0.0003,257,1960,0.022986533190123736,0.010703141,0.1267578125,0.9708589501678944,-0.02275092735217186,1.7708699703216553,-0.1287558674812317,-11.48515363931656,,
198,0.01188992,405504,0.2,1569,0.0003,258,1970,0.017660226579755543,0.012792913,0.150537109375,0.9775995295494795,-0.02445430667430628,1.7676219940185547,-0.15601471066474915,-11.497254607081413,,
199,0.01184896,407552,0.2,1569,0.0003,259,1980,0.014542672934476286,0.011816905,0.1337890625,0.9775877222418785,-0.02404139934515115,1.7776448726654053,-0.1736365705728531,-11.499071642756462,,
200,0.011807999999999999,409600,0.2,1570,0.0003,260,1990,0.015189290007401723,0.0100800125,0.1111328125,0.9792763534933329,-0.01998901548795402,1.781411051750183,-0.1777505725622177,-11.508464306592941,,
201,0.01176704,411648,0.2,1570,0.0003,262,2000,0.01640884761873167,0.011433898,0.124560546875,0.9773082379251719,-0.022142810792138333,1.77593994140625,-0.16758929193019867,-11.496733516454697,,
202,0.01172608,413696,0.2,1570,0.0003,263,2010,0.01687795404868666,0.012535173,0.137109375,0.9797162506729364,-0.024134067684644833,1.782171607017517,-0.16344191133975983,-11.49314160645008,,
203,0.01168512,415744,0.2,1570,0.0003,264,2020,0.021853214598377236,0.012086874,0.131298828125,0.9725109003484249,-0.024437237635720522,1.7734754085540771,-0.1310591697692871,-11.457032340765,,
204,0.01164416,417792,0.2,1571,0.0003,265,2030,0.02083073936519213,0.010353191,0.11396484375,0.9737697411328554,-0.02157829001080245,1.7655633687973022,-0.1661694347858429,-11.430060392618179,,
205,0.011603200000000001,419840,0.2,1571,0.0003,267,2040,0.016494282492203638,0.010745356,0.1248046875,0.9787380825728178,-0.02170254165830556,1.7551772594451904,-0.14699095487594604,-11.404733976721763,,
206,0.01156224,421888,0.2,1571,0.0003,268,2050,0.017146248431527056,0.0105491355,0.126123046875,0.9797846432775259,-0.022082595879328436,1.7601525783538818,-0.1585877537727356,-11.402551394701003,,
207,0.01152128,423936,0.2,1571,0.0003,269,2060,0.020009672531159595,0.011240745,0.1203125,0.9763072114437819,-0.021632039282121696,1.7572412490844727,-0.16156122088432312,-11.396936318278312,,
208,0.01148032,425984,0.2,1572,0.0003,270,2070,0.022828658856451512,0.01090943,0.127392578125,0.9736637528985739,-0.022448142431676386,1.7662086486816406,-0.15836608409881592,-11.404322779178619,,
209,0.011439359999999999,428032,0.2,1571,0.0003,272,2080,0.01959444037929643,0.011035849,0.112744140625,0.9757500812411308,-0.019305110449204223,1.7633295059204102,-0.1289690136909485,-11.414340856671334,,
210,0.0113984,430080,0.2,1570,0.0003,273,2090,0.020849962462671102,0.012197356,0.14873046875,0.9733937326818705,-0.024922663587494752,1.7597850561141968,-0.16261932253837585,-11.397297957539559,,
211,0.01135744,432128,0.2,1569,0.0003,275,2100,0.01943511199497152,0.009957467,0.124169921875,0.974749518558383,-0.022880019186413848,1.77237868309021,-0.15924498438835144,-11.414140033721925,,
212,0.01131648,434176,0.2,1569,0.0003,276,2110,0.023339655206655152,0.009685498,0.11103515625,0.9697633497416973,-0.019862834928790107,1.7826303243637085,-0.15703457593917847,-11.445762270689011,,
213,0.01127552,436224,0.2,1570,0.0003,277,2120,0.019569500104989857,0.015877504,0.164599609375,0.97419049218297,-0.02515426544705406,1.7814148664474487,-0.14713093638420105,-11.448871049284936,,
214,0.011234560000000001,438272,0.2,1570,0.0003,279,2130,0.01673436311248224,0.01313599,0.16162109375,0.9788502994924784,-0.028587589785456658,1.778411626815796,-0.14113099873065948,-11.443446174263954,,
,0.01120016,440000,0.2,,0.0003,,2140,0.023832835961366074,0.011469278,0.117578125,0.9723791237920523,-0.024231973552377894,1.7782090902328491,-0.16268648207187653,-11.449678030610084,41.0,-3.5427915595471857
215,0.0111936,440320,0.2,1569,0.0003,280,,,,,,,,,,,
216,0.01115264,442368,0.2,1569,0.0003,281,2150,0.01998541142384056,0.010895813,0.1064453125,0.9765656068921089,-0.021684132027439774,1.773116111755371,-0.15190011262893677,-11.44139955341816,,
217,0.01111168,444416,0.2,1569,0.0003,283,2160,0.01793824009655509,0.010147637,0.104541015625,0.974531015381217,-0.021959578181849793,1.7812199592590332,-0.1336025595664978,-11.44734130501747,,
218,0.01107072,446464,0.2,1569,0.0003,284,2170,0.02119173022801988,0.010813471,0.1099609375,0.9737400934100151,-0.022000999920419418,1.7870744466781616,-0.1446046382188797,-11.46748577952385,,
219,0.01102976,448512,0.2,1569,0.0003,285,2180,0.01748930870962795,0.011228665,0.128271484375,0.9763032849878073,-0.025676472298800945,1.80058753490448,-0.14792293310165405,-11.48911943435669,,
220,0.0109888,450560,0.2,1570,0.0003,286,2190,0.01846652019303292,0.013166575,0.161767578125,0.976628091186285,-0.025230327760800718,1.7986040115356445,-0.13533388078212738,-11.495968648791314,,
221,0.01094784,452608,0.2,1570,0.0003,288,2200,0.018182858792715705,0.013332604,0.1546875,0.9757365472614765,-0.025029487544088624,1.7975696325302124,-0.17810837924480438,-11.485037910938264,,
222,0.01090688,454656,0.2,1570,0.0003,289,2210,0.02308708148484584,0.011036226,0.116845703125,0.9703786093741655,-0.02270923456962919,1.786786437034607,-0.1653229147195816,-11.461302191019058,,
223,0.01086592,456704,0.2,1571,0.0003,290,2220,0.01721094270760659,0.008819443,0.102490234375,0.9793009106069803,-0.019025336383492686,1.7933197021484375,-0.1401103138923645,-11.455583488941192,,
224,0.01082496,458752,0.2,1571,0.0003,291,2230,0.017206424637697636,0.011091167,0.12802734375,0.9769974462687969,-0.025275751572917216,1.7956331968307495,-0.15552756190299988,-11.469195857644081,,
225,0.010784,460800,0.2,1571,0.0003,293,2240,0.014087429227947723,0.010313569,0.107958984375,0.9802310448139906,-0.02233200550545007,1.7903754711151123,-0.14921770989894867,-11.455143454670907,,
226,0.01074304,462848,0.2,1572,0.0003,294,2250,0.017345258835121058,0.012907729,0.15263671875,0.9783146437257528,-0.026249308054684662,1.7840228080749512,-0.15217751264572144,-11.429503977298737,,
227,0.010702080000000001,464896,0.2,1572,0.0003,295,2260,0.016482680293847807,0.010392437,0.114990234375,0.9789485279470682,-0.02234817826829385,1.7902549505233765,-0.15170563757419586,-11.426223203539848,,
228,0.01066112,466944,0.2,1572,0.0003,296,2270,0.02086001113639213,0.010544978,0.110791015625,0.9730245005339384,-0.023823937549605035,1.79497230052948,-0.1454748809337616,-11.44788791537285,,
229,0.01062016,468992,0.2,1572,0.0003,298,2280,0.019979205619893036,0.010792445,0.117578125,0.9741626288741827,-0.02399181783548556,1.8046869039535522,-0.1639399230480194,-11.468680942058564,,
230,0.0105792,471040,0.2,1572,0.0003,299,2290,0.020154177774384153,0.011442209,0.11826171875,0.9752591606229544,-0.022696071211248635,1.807228446006775,-0.15126538276672363,-11.476224672794341,,
231,0.01053824,473088,0.2,1572,0.0003,300,2300,0.018914010500884613,0.012001958,0.12568359375,0.9770054873079062,-0.021328245737822726,1.8135833740234375,-0.15211330354213715,-11.48811411857605,,
232,0.01049728,475136,0.2,1572,0.0003,302,2310,0.0169138715864392,0.011802039,0.117236328125,0.9788243975490332,-0.02483012645679992,1.8010752201080322,-0.15181635320186615,-11.474166399240493,,
233,0.01045632,477184,0.2,1573,0.0003,303,2320,0.018107554942253044,0.010874707,0.131103515625,0.9759238008409739,-0.022637024748837574,1.802070140838623,-0.15487642586231232,-11.4588026791811,,
234,0.01041536,479232,0.2,1573,0.0003,304,2330,0.017845380783546715,0.010747021,0.114697265625,0.9753277823328972,-0.02169516172725707,1.812200903892517,-0.13124346733093262,-11.47115892469883,,
,0.01040016,480000,0.2,,0.0003,,2340,0.017288906389148907,0.010201717,0.103076171875,0.9771631807088852,-0.02054598098329734,1.8119605779647827,-0.1279129981994629,-11.477565652132034,41.0,-3.4024709179997443
235,0.0103744,481280,0.2,1572,0.0003,306,,,,,,,,,,,
236,0.010333440000000001,483328,0.2,1572,0.0003,307,2350,0.016350494959624484,0.00983871,0.1025390625,0.9793893527239561,-0.0211522304918617,1.803301215171814,-0.14781852066516876,-11.461905425786972,,
237,0.010292480000000001,485376,0.2,1572,0.0003,308,2360,0.018783979714498855,0.012127614,0.12822265625,0.9759604558348656,-0.023256779124494642,1.8113678693771362,-0.13710206747055054,-11.46106152832508,,
238,0.01025152,487424,0.2,1573,0.0003,309,2370,0.017753918026573955,0.01203979,0.134375,0.9783216565847397,-0.022933428621036,1.8105180263519287,-0.1475486308336258,-11.463591933250427,,
239,0.01021056,489472,0.2,1573,0.0003,311,2380,0.020640280615771188,0.011516193,0.119921875,0.9750378392636776,-0.02308050303545315,1.8366801738739014,-0.1586093306541443,-11.500826984643936,,
240,0.010169599999999999,491520,0.2,1573,0.0003,312,2390,0.020376496663084255,0.012723009,0.137744140625,0.9747984725981951,-0.025227966877719155,1.8455489873886108,-0.1613883674144745,-11.541884404420852,,
241,0.01012864,493568,0.2,1573,0.0003,313,2400,0.018270269662025385,0.010120661,0.10224609375,0.974068645387888,-0.02163155640446348,1.831522822380066,-0.10184015333652496,-11.520704257488251,,
242,0.01008768,495616,0.2,1573,0.0003,314,2410,0.017115406051743776,0.011460276,0.108447265625,0.9767363704741001,-0.020647182039101607,1.8258904218673706,-0.16180288791656494,-11.489423283934594,,
243,0.01004672,497664,0.2,1573,0.0003,316,2420,0.017675883529591374,0.010290185,0.105810546875,0.9791874401271343,-0.02295439080626238,1.8314168453216553,-0.14401206374168396,-11.49469524025917,,
244,0.01000576,499712,0.2,1574,0.0003,317,2430,0.016415727559069636,0.012586475,0.137548828125,0.9804033748805523,-0.02557728922110982,1.8385717868804932,-0.15139366686344147,-11.510196354985236,,
245,0.01,501760,0.2,1574,0.0003,318,2440,0.015154153079492971,0.011692371,0.1189453125,0.9795005228370428,-0.02350583460938651,1.8487260341644287,-0.1616862267255783,-11.52963157594204,,
246,0.01,503808,0.2,1574,0.0003,319,2450,0.019740019558230414,0.011514138,0.1271484375,0.9710907470434904,-0.024974539750837722,1.8385744094848633,-0.13860224187374115,-11.51973440349102,,
247,0.01,505856,0.2,1575,0.0003,321,2460,0.020616972510470077,0.0116840545,0.113623046875,0.9742167815566063,-0.022121264494489878,1.8348478078842163,-0.14410245418548584,-11.51827386021614,,
248,0.01,507904,0.2,1575,0.0003,322,2470,0.023276198125677182,0.010299986,0.112451171875,0.971570435911417,-0.023642979592841583,1.837113618850708,-0.11913631856441498,-11.524422320723534,,
249,0.01,509952,0.2,1575,0.0003,323,2480,0.01782718930626288,0.011348907,0.115478515625,0.9771299064159393,-0.023319800934405065,1.852095127105713,-0.12027661502361298,-11.538015362620353,,
250,0.01,512000,0.2,1575,0.0003,324,2490,0.016783182485960425,0.011048522,0.1224609375,0.9792812541127205,-0.02488240349921398,1.8536505699157715,-0.14412911236286163,-11.547799578309059,,
251,0.01,514048,0.2,1575,0.0003,326,2500,0.0180068504094379,0.011353071,0.115625,0.974135285243392,-0.023792010845500044,1.8653590679168701,-0.14987125992774963,-11.568406969308853,,
252,0.01,516096,0.2,1575,0.0003,327,2510,0.02253172683122102,0.012991123,0.142529296875,0.9709239415824413,-0.02949107039021328,1.8679893016815186,-0.10686095058917999,-11.590838739275933,,
253,0.01,518144,0.2,1575,0.0003,328,2520,0.02026470362325199,0.011259537,0.126513671875,0.9734733887016773,-0.02388277456338983,1.8802474737167358,-0.13456004858016968,-11.617042842507363,,
,0.01,520000,0.2,,0.0003,,2530,0.01673190367000643,0.012415996,0.13408203125,0.9782991651445627,-0.02393980231572641,1.8731403350830078,-0.1636662632226944,-11.614460983872414,41.0,-3.5509226456284524
254,0.01,520192,0.2,1574,0.0003,330,,,,,,,,,,,
255,0.01,522240,0.2,1574,0.0003,331,2540,0.021650119125843047,0.012866106,0.136767578125,0.972965694963932,-0.023751845219521783,1.871660590171814,-0.12878960371017456,-11.593527886271477,,
256,0.01,524288,0.2,1574,0.0003,333,2550,0.020486320642521604,0.010320555,0.102392578125,0.9744630344212055,-0.02200619986106176,1.888247013092041,-0.15174731612205505,-11.614632254838943,,
257,0.01,526336,0.2,1574,0.0003,334,2560,0.02147992134850938,0.012474792,0.13544921875,0.9735960382968187,-0.027715280556003564,1.8814109563827515,-0.11990395188331604,-11.614689075946808,,
258,0.01,528384,0.2,1574,0.0003,335,2570,0.023083279357524588,0.01085032,0.10625,0.9691316951066256,-0.023196378856664524,1.8745884895324707,-0.1275227665901184,-11.594744488596916,,
259,0.01,530432,0.2,1575,0.0003,336,2580,0.021782480739057065,0.014479429,0.149365234375,0.9740801993757486,-0.027270618555485272,1.8761581182479858,-0.13995638489723206,-11.588500770926476,,
260,0.01,532480,0.2,1575,0.0003,337,2590,0.01969430160243064,0.0131853605,0.13876953125,0.9762294143438339,-0.025885702975210735,1.8756110668182373,-0.13458997011184692,-11.577367216348648,,
261,0.01,534528,0.2,1575,0.0003,339,2600,0.01603416876750998,0.01154337,0.1298828125,0.9775796700268984,-0.024904671355034224,1.8762658834457397,-0.13807527720928192,-11.571431890130043,,
262,0.01,536576,0.2,1575,0.0003,340,2610,0.015571244321472477,0.012542393,0.142724609375,0.9793582409620285,-0.025045759507338516,1.8628519773483276,-0.1409701406955719,-11.541622093319893,,
263,0.01,538624,0.2,1576,0.0003,341,2620,0.014486503794614691,0.0111284945,0.097119140625,0.9808543976396322,-0.021631008823169394,1.8734349012374878,-0.11588968336582184,-11.533070054650306,,
264,0.01,540672,0.2,1576,0.0003,342,2630,0.01649262726714369,0.012083614,0.1306640625,0.9810542613267899,-0.023321895502158442,1.8720402717590332,-0.12733310461044312,-11.529486092925072,,
265,0.01,542720,0.2,1576,0.0003,344,2640,0.015084888969431632,0.011259818,0.121240234375,0.9808861184865236,-0.023183363935095257,1.864955186843872,-0.13515037298202515,-11.508400064706802,,
266,0.01,544768,0.2,1576,0.0003,345,2650,0.01778510839212686,0.013124284,0.124169921875,0.9776145927608013,-0.02495949453586945,1.8836578130722046,-0.14127111434936523,-11.526160016655922,,
267,0.01,546816,0.2,1576,0.0003,346,2660,0.01728756030497607,0.011813659,0.12861328125,0.9785186108201742,-0.022477271960815413,1.9015535116195679,-0.13265225291252136,-11.567118930816651,,
268,0.01,548864,0.2,1577,0.0003,348,2670,0.019775357244361656,0.013047336,0.139697265625,0.9774136375635862,-0.024240544010535815,1.9131240844726562,-0.12865011394023895,-11.596072933077812,,
269,0.01,550912,0.2,1577,0.0003,349,2680,0.01890542897453997,0.011665689,0.106201171875,0.9745003208518028,-0.02354829396645073,1.9254902601242065,-0.12283224612474442,-11.625018727779388,,
270,0.01,552960,0.2,1577,0.0003,350,2690,0.016296608044649476,0.010333253,0.113427734375,0.9773824121803045,-0.024731890848488546,1.9105933904647827,-0.15501955151557922,-11.608874160051347,,
271,0.01,555008,0.2,1577,0.0003,351,2700,0.01853224967198912,0.011042281,0.113623046875,0.9763021059334278,-0.02269752373395022,1.9198068380355835,-0.14416316151618958,-11.607713627815247,,
272,0.01,557056,0.2,1577,0.0003,353,2710,0.014810359028342646,0.00982083,0.110400390625,0.9815516825765371,-0.023757731582736596,1.9226000308990479,-0.14559777081012726,-11.604545548558235,,
273,0.01,559104,0.2,1578,0.0003,354,2720,0.017959762603277342,0.010935948,0.123974609375,0.9780402984470129,-0.02467162872781046,1.9196691513061523,-0.16907627880573273,-11.592533895373345,,
,0.01,560000,0.2,,0.0003,,2730,0.016204380945418963,0.01203154,0.125634765625,0.9789297450333834,-0.024768440311891026,1.9212688207626343,-0.15110796689987183,-11.594948986172676,41.0,-3.4637911401689054
274,0.01,561152,0.2,1577,0.0003,355,,,,,,,,,,,
275,0.01,563200,0.2,1577,0.0003,357,2740,0.01993105840520002,0.012323273,0.1419921875,0.9729840345680714,-0.0296629884862341,1.9240086078643799,-0.13187679648399353,-11.609550288319587,,
276,0.01,565248,0.2,1577,0.0003,358,2750,0.01792778789822478,0.012865769,0.128662109375,0.9784576296806335,-0.02699634800374042,1.924842119216919,-0.140208438038826,-11.616014078259468,,
277,0.01,567296,0.2,1577,0.0003,359,2760,0.017581832101859617,0.014159944,0.156884765625,0.9752471763640642,-0.026370592744206077,1.930768370628357,-0.15323305130004883,-11.62070198059082,,
278,0.01,569344,0.2,1577,0.0003,360,2770,0.01642535752034746,0.011974361,0.139453125,0.9765961244702339,-0.02468578839325346,1.9408291578292847,-0.12334389984607697,-11.617002540826798,,
279,0.01,571392,0.2,1577,0.0003,362,2780,0.015070705060497857,0.012641032,0.1470703125,0.9797527696937323,-0.027099930739495903,1.941039800643921,-0.11793100088834763,-11.611660903692245,,
280,0.01,573440,0.2,1578,0.0003,363,2790,0.017146291321842,0.012638526,0.12470703125,0.9768397845327854,-0.028576916820020414,1.9332845211029053,-0.11240777373313904,-11.58544518649578,,
281,0.01,575488,0.2,1578,0.0003,364,2800,0.0203039915766567,0.010541851,0.11337890625,0.9746709000319242,-0.02249940916954074,1.9412130117416382,-0.1574563980102539,-11.581685078144073,,
282,0.01,577536,0.2,1578,0.0003,365,2810,0.01718163818877656,0.010413207,0.0962890625,0.9780720621347427,-0.02347008869110141,1.9392708539962769,-0.1356496959924698,-11.585257428884507,,
283,0.01,579584,0.2,1578,0.0003,367,2820,0.019010529448860326,0.011255462,0.124658203125,0.9765295274555683,-0.024304885513265616,1.928983211517334,-0.12596295773983002,-11.555283090472221,,
284,0.01,581632,0.2,1578,0.0003,368,2830,0.01722836013068445,0.012402952,0.145361328125,0.9800769630819559,-0.027164964654366484,1.9363021850585938,-0.12183433026075363,-11.550762909650803,,
285,0.01,583680,0.2,1578,0.0003,369,2840,0.020148688927292824,0.012239708,0.131982421875,0.9734025597572327,-0.02398660045437282,1.9361852407455444,-0.15404729545116425,-11.552907687425613,,
286,0.01,585728,0.2,1579,0.0003,370,2850,0.021608246202231386,0.012460718,0.1314453125,0.9710841923952103,-0.02585794513579458,1.938085913658142,-0.14310213923454285,-11.556204116344452,,
287,0.01,587776,0.2,1579,0.0003,372,2860,0.021967679573572242,0.013817605,0.14580078125,0.9729317426681519,-0.030123251455370335,1.9577760696411133,-0.1516197919845581,-11.569688150286675,,
288,0.01,589824,0.2,1579,0.0003,373,2870,0.019920876389369367,0.015666867,0.154296875,0.9732529670000076,-0.029488144046626984,1.9581983089447021,-0.1538497805595398,-11.551176425814628,,
289,0.01,591872,0.2,1579,0.0003,374,2880,0.018468051793752237,0.013552768,0.144775390625,0.9746346827596426,-0.02678524627990555,1.9702658653259277,-0.13269174098968506,-11.539818611741065,,
290,0.01,593920,0.2,1579,0.0003,375,2890,0.018757826680666768,0.011438291,0.128125,0.9745436571538448,-0.025463536838651636,1.9909642934799194,-0.14617595076560974,-11.56356290280819,,
291,0.01,595968,0.2,1579,0.0003,377,2900,0.015132550812268164,0.010715865,0.0990234375,0.979132330045104,-0.023241328264703043,2.0011184215545654,-0.15289828181266785,-11.585865569114684,,
292,0.01,598016,0.2,1579,0.0003,378,2910,0.020149876418872736,0.014691633,0.15283203125,0.9737304300069809,-0.03014715821482241,1.9996168613433838,-0.12787149846553802,-11.58327644765377,,
,0.01,600000,0.2,,0.0003,,2920,0.0203779912146274,0.012922237,0.14140625,0.975232345983386,-0.02447455084475223,1.9947383403778076,-0.14837995171546936,-11.55654970407486,41.0,-3.5014439061284066
293,0.01,600064,0.2,1578,0.0003,380,,,,,,,,,,,
294,0.01,602112,0.2,1579,0.0003,381,2930,0.02156259667535778,0.01178699,0.132421875,0.9730533007532358,-0.027343053540971596,1.9929789304733276,-0.1345292180776596,-11.543406218290329,,
295,0.01,604160,0.2,1579,0.0003,382,2940,0.018440645729424433,0.013560774,0.133349609375,0.9748933836817741,-0.02754570735269226,1.9842967987060547,-0.14259600639343262,-11.521796038746833,,
296,0.01,606208,0.2,1579,0.0003,383,2950,0.01825689077086281,0.013131893,0.1306640625,0.9768067207187414,-0.025026045471895485,1.968986988067627,-0.12056563794612885,-11.474873158335686,,
297,0.01,608256,0.2,1580,0.0003,384,2960,0.01924283131666016,0.012082197,0.121435546875,0.9767047390341759,-0.025701202379423194,1.9670648574829102,-0.16076210141181946,-11.45164852142334,,
298,0.01,610304,0.2,1580,0.0003,386,2970,0.015232687497336883,0.012735016,0.127001953125,0.978430463001132,-0.027464489643170963,1.9739946126937866,-0.12015263736248016,-11.453900966048241,,
299,0.01,612352,0.2,1580,0.0003,387,2980,0.017725716611312236,0.0145776095,0.133642578125,0.9751376621425152,-0.026204520562896506,1.984548568725586,-0.13372482359409332,-11.477337497472764,,
300,0.01,614400,0.2,1579,0.0003,388,2990,0.016522583994083108,0.012835605,0.131005859375,0.9784819912165403,-0.02706231219635811,1.9652036428451538,-0.12788663804531097,-11.466695719957352,,
301,0.01,616448,0.2,1580,0.0003,390,3000,0.01463021897507133,0.011062016,0.110595703125,0.9820310901850462,-0.024835016479482875,1.96058988571167,-0.15198561549186707,-11.433674851059914,,
302,0.01,618496,0.2,1579,0.0003,391,3010,0.014886376349022613,0.014136706,0.131494140625,0.980661554262042,-0.02955792736611329,1.952484369277954,-0.15038339793682098,-11.405595755577087,,
303,0.01,620544,0.2,1579,0.0003,392,3020,0.016430611605755985,0.012303957,0.123193359375,0.9763501193374395,-0.025555997533956543,1.962268590927124,-0.14523188769817352,-11.394894024729728,,
304,0.01,622592,0.2,1579,0.0003,394,3030,0.017205464409198613,0.01163947,0.122021484375,0.9766774065792561,-0.02633670746581629,1.9692797660827637,-0.16498762369155884,-11.414292040467263,,
305,0.01,624640,0.2,1579,0.0003,395,3040,0.018208233991754242,0.014078939,0.143115234375,0.9775727074593306,-0.023473539200494997,1.9872764348983765,-0.13324078917503357,-11.433162277936935,,
306,0.01,626688,0.2,1579,0.0003,396,3050,0.020864598234766163,0.01247477,0.12763671875,0.9728749990463257,-0.025052341961418277,1.9764070510864258,-0.11998399347066879,-11.434170877933502,,
307,0.01,628736,0.2,1580,0.0003,397,3060,0.017908916024316567,0.012481622,0.1212890625,0.9772770330309868,-0.023591700312681495,1.9802669286727905,-0.13664031028747559,-11.433471167087555,,
308,0.01,630784,0.2,1580,0.0003,399,3070,0.01672347857384011,0.013709793,0.130029296875,0.9781959559768438,-0.024301438353722914,1.9947069883346558,-0.1421695351600647,-11.453060084581375,,
309,0.01,632832,0.2,1580,0.0003,400,3080,0.020419734562165105,0.010613823,0.109765625,0.9543177410960197,-0.02191824012552388,2.005336284637451,-0.15953654050827026,-11.476980605721474,,
310,0.01,634880,0.2,1581,0.0003,401,3090,0.0014206364771098378,0.01040118,0.103857421875,0.9638579078018665,-0.01452715755731333,2.0010502338409424,-0.13603296875953674,-11.49002565741539,,
311,0.01,636928,0.2,1581,0.0003,402,3100,0.0001434778250597901,0.0075936816,0.0765625,0.9924150491133332,-0.010640337245422415,2.0133872032165527,-0.15005144476890564,-11.494982182979584,,
312,0.01,638976,0.2,1581,0.0003,403,3110,2.9948232577226008e-05,0.009231396,0.100146484375,0.9990233379648998,-0.011291114409686998,2.0173654556274414,-0.1168999969959259,-11.512386205792428,,
,0.01,640000,0.2,,0.0003,,3120,1.2636795750609053e-05,0.009279695,0.09580078125,0.9998988458173699,-0.014653768288553692,2.01129150390625,-0.1472446173429489,-11.515158584713935,41.0,-3.447360425442457
313,0.01,641024,0.2,1580,0.0003,405,,,,,,,,,,,
314,0.01,643072,0.2,1581,0.0003,406,3130,6.207711724925957e-06,0.011641362,0.129736328125,0.999975670250933,-0.018061913605197332,2.0191197395324707,-0.12401356548070908,-11.523727259039878,,
315,0.01,645120,0.2,1581,0.0003,407,3140,4.146264914339781e-06,0.009715816,0.105908203125,0.9999872651096666,-0.014150408768909984,2.0334315299987793,-0.14654219150543213,-11.546378102898597,,
316,0.01,647168,0.2,1582,0.0003,409,3150,3.0387147742061414e-06,0.010017369,0.0927734375,0.9999913856245257,-0.01527116265060613,2.021282196044922,-0.14171616733074188,-11.541469568014145,,
317,0.01,649216,0.2,1582,0.0003,410,3160,2.892217423422494e-06,0.008700134,0.096142578125,0.9999926856157799,-0.014528866633190774,2.0292277336120605,-0.1353725641965866,-11.543718573451041,,
318,0.01,651264,0.2,1582,0.0003,411,3170,2.4791271211910272e-06,0.010333238,0.112744140625,0.9999934436705189,-0.014333411969710141,2.0459303855895996,-0.1097085177898407,-11.579552322626114,,
319,0.01,653312,0.2,1582,0.0003,412,3180,2.180402521290148e-06,0.009745043,0.109912109375,0.9999943402704048,-0.01740254929463845,2.0595126152038574,-0.13768455386161804,-11.61880537867546,,
320,0.01,655360,0.2,1583,0.0003,413,3190,1.7571785082992619e-06,0.010205351,0.1109375,0.9999951628951749,-0.016120558368857018,2.065734386444092,-0.13116078078746796,-11.633077374100685,,
321,0.01,657408,0.2,1583,0.0003,415,3200,1.6151541901265887e-06,0.011013661,0.13369140625,0.9999956586457301,-0.018199950715643353,2.057952404022217,-0.11572948098182678,-11.624558296799659,,
322,0.01,659456,0.2,1584,0.0003,416,3210,1.5792460038355215e-06,0.009471362,0.10966796875,0.9999955184089231,-0.016542445206141565,2.072627305984497,-0.1254294067621231,-11.634193283319473,,
323,0.01,661504,0.2,1584,0.0003,417,3220,1.383772401020167e-06,0.008033535,0.091650390625,0.9999964657483815,-0.014195631217444316,2.0679001808166504,-0.15235348045825958,-11.64595277607441,,
324,0.01,663552,0.2,1584,0.0003,418,3230,1.1996435949512829e-06,0.011135511,0.12978515625,0.999997016219595,-0.01940176375210285,2.0598909854888916,-0.13749369978904724,-11.627222138643265,,
325,0.01,665600,0.2,1584,0.0003,420,3240,1.2463613165536458e-06,0.011548338,0.133837890625,0.9999973087697072,-0.01998364454775583,2.0702409744262695,-0.16135166585445404,-11.621502420306205,,
326,0.01,667648,0.2,1584,0.0003,421,3250,1.0251219956458613e-06,0.00865431,0.0791015625,0.9999973133044477,-0.013553219431196339,2.061466693878174,-0.13126541674137115,-11.60887806713581,,
327,0.01,669696,0.2,1585,0.0003,422,3260,1.3966364114992302e-06,0.009964041,0.119384765625,0.9999973642097757,-0.014612168862367981,2.0744004249572754,-0.1156601831316948,-11.613954165577889,,
328,0.01,671744,0.2,1585,0.0003,423,3270,1.109810149824142e-06,0.010953804,0.109521484375,0.999997418186922,-0.015825900933123194,2.0694098472595215,-0.14037203788757324,-11.613274547457696,,
329,0.01,673792,0.2,1585,0.0003,424,3280,1.000290093333689e-06,0.009775101,0.110498046875,0.999998392515181,-0.016327929071849212,2.0468690395355225,-0.12615832686424255,-11.56335815191269,,
330,0.01,675840,0.2,1586,0.0003,426,3290,2.781625541192767e-06,0.010468856,0.1166015625,0.9999983701958399,-0.016337918481440283,2.0559439659118652,-0.13605119287967682,-11.55287946164608,,
331,0.01,677888,0.2,1586,0.0003,427,3300,1.9748187938262163e-06,0.010496534,0.1138671875,0.999998136394538,-0.014840015437221155,2.0598368644714355,-0.10838979482650757,-11.568411844968796,,
332,0.01,679936,0.2,1586,0.0003,428,3310,1.596076937193658e-06,0.011611115,0.11474609375,0.9999985659787853,-0.017042456482886336,2.057011127471924,-0.1349915862083435,-11.577271613478661,,
,0.01,680000,0.2,,0.0003,,3320,1.701472124171488e-06,0.013055146,0.145751953125,0.9999976642416186,-0.018777696514734998,2.061447858810425,-0.12101834267377853,-11.576301121711731,41.0,-3.6479877330362798
333,0.01,681984,0.2,1586,0.0003,429,,,,,,,,,,,
334,0.01,684032,0.2,1586,0.0003,431,3330,1.0179276377364488e-06,0.010964759,0.11416015625,0.9999988661938914,-0.016024576470954344,2.070054531097412,-0.11039482802152634,-11.588960599899291,,
335,0.01,686080,0.2,1586,0.0003,432,3340,8.990373697947973e-07,0.00946576,0.10009765625,0.9999986788074011,-0.014336895837914199,2.071084499359131,-0.1385708451271057,-11.583941411972045,,
336,0.01,688128,0.2,1586,0.0003,433,3350,1.130320667375173e-06,0.012051428,0.12275390625,0.9999986318921401,-0.019523220483097247,2.0582149028778076,-0.11905234307050705,-11.554455235600471,,
337,0.01,690176,0.2,1587,0.0003,434,3360,9.647561197922983e-07,0.011396643,0.11875,0.9999986536894312,-0.017612147788167932,2.0525240898132324,-0.15306146442890167,-11.526831117272376,,
338,0.01,692224,0.2,1587,0.0003,436,3370,1.4164537096572616e-06,0.009997815,0.115869140625,0.9999959932265483,-0.014746732148341834,2.0594630241394043,-0.13529272377490997,-11.528530579805373,,
339,0.01,694272,0.2,1587,0.0003,437,3380,2.264689633202366e-06,0.010815448,0.101318359375,0.9999988460107261,-0.017006531270453706,2.082335948944092,-0.15027233958244324,-11.571088913083077,,
340,0.01,696320,0.2,1588,0.0003,438,3390,7.826753634532224e-07,0.010994123,0.11923828125,0.9999987823338188,-0.01850345118145924,2.0652875900268555,-0.17465586960315704,-11.578674480319023,,
341,0.01,698368,0.2,1588,0.0003,439,3400,2.9385690312189183e-06,0.011461217,0.1416015625,0.9999987878164802,-0.01927324195712572,2.0706701278686523,-0.1434371918439865,-11.568318182229996,,
342,0.01,700416,0.2,1588,0.0003,440,3410,7.583563376822866e-07,0.013048764,0.133935546875,0.9999989819473285,-0.018165811806102283,2.067737340927124,-0.12749528884887695,-11.57091245353222,,
