train/clip_range,time/fps,time/total_timesteps,time/time_elapsed,train/entropy_coef,train/learning_rate,time/iterations,train/clip_fraction,train/approx_kl,train/loss,train/policy_gradient_loss,train/entropy_loss,train/value_loss,train/n_updates,train/std,train/explained_variance,eval/mean_ep_length,eval/mean_reward
0.2,4138,2048,0,0.01995904,0.0003,1,,,,,,,,,,,
0.2,2281,4096,1,0.01991808,0.0003,2,0.09033203125,0.010346889,3.8733937740325928,-0.0116773769914289,-8.535990172624588,2.09030655073002,10,1.0072503089904785,-0.11991381645202637,,
0.2,1962,6144,3,0.01987712,0.0003,3,0.08173828125,0.009011386,-0.1820201724767685,-0.00966861583874561,-8.572503474354743,0.039562246477726146,20,1.0125856399536133,0.6004420518875122,,
0.2,1921,8192,4,0.019836160000000002,0.0003,4,0.095458984375,0.010360534,-0.1941043883562088,-0.011632384423865005,-8.60501233935356,0.011785186758061172,30,1.0190868377685547,0.787547379732132,,
0.2,1889,10240,5,0.0197952,0.0003,5,0.120654296875,0.011266477,-0.13860414922237396,-0.012595009258075152,-8.652124536037444,0.013492299596691737,40,1.026713490486145,0.9124795719981194,,
0.2,1872,12288,6,0.01975424,0.0003,6,0.113232421875,0.010831261,-0.2058447003364563,-0.011102640014723875,-8.690499529242516,0.013782038632780314,50,1.0337462425231934,0.8379715532064438,,
0.2,1864,14336,7,0.01971328,0.0003,7,0.085595703125,0.00933392,-0.18342325091362,-0.00909888350579422,-8.732044342160226,0.01217405755087384,60,1.0391790866851807,0.4628549814224243,,
0.2,1861,16384,8,0.01967232,0.0003,8,0.09189453125,0.008114282,-0.1573333442211151,-0.010657319959136657,-8.742208939790725,0.012297342598321848,70,1.0388559103012085,0.8561336845159531,,
0.2,1847,18432,9,0.01963136,0.0003,9,0.1119140625,0.0092059355,-0.15098555386066437,-0.010430314895347691,-8.732102632522583,0.013098036480369047,80,1.036033272743225,0.9252220988273621,,
0.2,1836,20480,11,0.0195904,0.0003,10,0.105224609375,0.009138432,-0.16796699166297913,-0.011987670455710031,-8.727426880598069,0.012366813852713677,90,1.0366849899291992,0.7496711909770966,,
0.2,1832,22528,12,0.01954944,0.0003,11,0.0794921875,0.008745228,-0.17078714072704315,-0.007563245162600651,-8.747771012783051,0.008416029391810298,100,1.0428624153137207,0.5530191659927368,,
0.2,1825,24576,13,0.01950848,0.0003,12,0.0943359375,0.009996862,-0.19353455305099487,-0.011315160783124157,-8.787209337949752,0.00924262724001892,110,1.0513052940368652,0.8173957616090775,,
0.2,1817,26624,14,0.019467520000000002,0.0003,13,0.11005859375,0.009240115,-0.1571679711341858,-0.010964013320335652,-8.845457500219345,0.011245937953935936,120,1.0633208751678467,0.8176984637975693,,
0.2,1811,28672,15,0.01942656,0.0003,14,0.097607421875,0.009052806,-0.194267138838768,-0.012730670199380257,-8.855687764286994,0.010095441095472779,130,1.055656909942627,0.714363157749176,,
0.2,1793,30720,17,0.0193856,0.0003,15,0.09599609375,0.00980708,-0.19148218631744385,-0.008805233385646715,-8.852205723524094,0.006864621838030871,140,1.06086003780365,0.7631808966398239,,
0.2,1767,32768,18,0.01934464,0.0003,16,0.112646484375,0.00902009,-0.17048919200897217,-0.011758267672848887,-8.857544353604316,0.007314320928708184,150,1.0589226484298706,0.8021092414855957,,
0.2,1758,34816,19,0.01930368,0.0003,17,0.094580078125,0.011118738,-0.177446186542511,-0.015177404042333364,-8.865841388702393,0.059506599931046365,160,1.063936471939087,-0.17355656623840332,,
0.2,1750,36864,21,0.01926272,0.0003,18,0.0861328125,0.00966808,-0.19936692714691162,-0.011644318627077155,-8.886222302913666,0.009384540416067465,170,1.0641971826553345,0.8406747281551361,,
0.2,1730,38912,22,0.01922176,0.0003,19,0.077978515625,0.007620126,-0.1646605134010315,-0.01040538069064496,-8.874162766337395,0.00717752139098593,180,1.0618212223052979,0.7614639848470688,,
0.2,,40000,,0.01920016,0.0003,,0.116015625,0.01036337,-0.1900525540113449,-0.011420329200336709,-8.883427333831786,0.00700348124737502,190,1.0669587850570679,0.812348261475563,1000.0,-46.13181045055389
0.2,1387,40960,29,0.0191808,0.0003,20,,,,,,,,,,,
0.2,1401,43008,30,0.01913984,0.0003,21,0.0953125,0.010083113,-0.1385418325662613,-0.010224686792935245,-8.939797952771187,0.00708776514584315,200,1.0796173810958862,0.8426421582698822,,
0.2,1414,45056,31,0.01909888,0.0003,22,0.095361328125,0.009008611,-0.1963179111480713,-0.01251829907123465,-8.980897876620293,0.009004440470016561,210,1.0820038318634033,0.5150249600410461,,
0.2,1427,47104,33,0.01905792,0.0003,23,0.096630859375,0.009801341,-0.1908675581216812,-0.011327389502548612,-9.017447742819787,0.006167625044326996,220,1.0925413370132446,0.8576596230268478,,
0.2,1435,49152,34,0.01901696,0.0003,24,0.114111328125,0.0102926195,-0.17117705941200256,-0.010276579423225485,-9.064170947670936,0.0064890175715845546,230,1.0996507406234741,0.9344811663031578,,
0.2,1446,51200,35,0.018976,0.0003,25,0.083544921875,0.008897497,-0.18696710467338562,-0.009661659708945081,-9.101821953058243,0.008547546117915772,240,1.1070164442062378,0.8153721541166306,,
0.2,1456,53248,36,0.01893504,0.0003,26,0.131298828125,0.012033037,-0.1881454735994339,-0.01429232802183833,-9.15428366959095,0.0064871274153119884,250,1.11822509765625,0.820572704076767,,
0.2,1465,55296,37,0.01889408,0.0003,27,0.084716796875,0.009756595,-0.2084360122680664,-0.011602581998158713,-9.230705311894416,0.0053436520545801615,260,1.1347641944885254,0.8872964680194855,,
0.2,1474,57344,38,0.01885312,0.0003,28,0.11796875,0.011468897,-0.19572213292121887,-0.012987599123152904,-9.302153527736664,0.004505597719253273,270,1.1459792852401733,0.900140143930912,,
0.2,1480,59392,40,0.01881216,0.0003,29,0.11240234375,0.012085621,-0.1988055557012558,-0.01357534240523819,-9.34231612086296,0.025569129743962547,280,1.1525205373764038,0.6454081833362579,,
0.2,1488,61440,41,0.018771200000000002,0.0003,30,0.101123046875,0.009568471,-0.1954447478055954,-0.011892932903720066,-9.392195215821266,0.008907166485732887,290,1.164128065109253,0.8108169585466385,,
0.2,1496,63488,42,0.018730240000000002,0.0003,31,0.101904296875,0.009471223,-0.20513813197612762,-0.012106161887641066,-9.442819485068322,0.005891566905484069,300,1.1733412742614746,0.758809819817543,,
0.2,1501,65536,43,0.01868928,0.0003,32,0.109033203125,0.011505473,-0.17603540420532227,-0.012577763930312357,-9.490699997544288,0.004156222001620335,310,1.181668996810913,0.9407382383942604,,
0.2,1505,67584,44,0.01864832,0.0003,33,0.091455078125,0.009312172,-0.21316540241241455,-0.009353541643940843,-9.56874929368496,0.006441187997552333,320,1.2030459642410278,0.8908125311136246,,
0.2,1505,69632,46,0.01860736,0.0003,34,0.0974609375,0.009009538,-0.18442590534687042,-0.01199424200458452,-9.62947994172573,0.006203744819504209,330,1.206859827041626,0.8402802795171738,,
0.2,1510,71680,47,0.0185664,0.0003,35,0.110009765625,0.009993052,-0.16579191386699677,-0.01210815829836065,-9.67468895316124,0.005341970174777088,340,1.2211865186691284,0.7769784927368164,,
0.2,1514,73728,48,0.01852544,0.0003,36,0.090576171875,0.008972209,-0.17140887677669525,-0.011192950072290842,-9.72831682562828,0.0060603346806601625,350,1.2308332920074463,0.7686048597097397,,
0.2,1517,75776,49,0.01848448,0.0003,37,0.113134765625,0.0099395495,-0.20553205907344818,-0.012386467317992356,-9.754166647791862,0.006279672743403353,360,1.2330089807510376,0.8754821941256523,,
0.2,1521,77824,51,0.01844352,0.0003,38,0.109130859375,0.009681919,-0.21467198431491852,-0.013616231209016404,-9.787007758021355,0.005382433481281623,370,1.2419185638427734,0.8011158406734467,,
0.2,1526,79872,52,0.018402560000000002,0.0003,39,0.078759765625,0.0076044193,-0.19849535822868347,-0.007866667103371583,-9.831946194171906,0.004575811856193468,380,1.2522392272949219,0.7358461320400238,,
0.2,,80000,,0.01840016,0.0003,,0.073876953125,0.008718111,-0.18389680981636047,-0.009270857885712757,-9.8792935192585,0.0036929120560671436,390,1.2612457275390625,0.8725920021533966,826.2,-30.840099407488015
0.2,1404,81920,58,0.0183616,0.0003,40,,,,,,,,,,,
0.2,1411,83968,59,0.01832064,0.0003,41,0.10615234375,0.009542099,-0.20534338057041168,-0.011359416609047912,-9.93594930768013,0.00806393999955617,400,1.2750098705291748,0.9078944772481918,,
0.2,1415,86016,60,0.01827968,0.0003,42,0.0951171875,0.009437749,-0.19016049802303314,-0.01029048910131678,-9.987541198730469,0.006277964344917564,410,1.2830586433410645,0.8028146773576736,,
0.2,1419,88064,62,0.01823872,0.0003,43,0.09619140625,0.009540601,-0.18842297792434692,-0.011654196609742939,-10.032420933246613,0.005367403630225453,420,1.2955524921417236,0.7085893750190735,,
0.2,1425,90112,63,0.01819776,0.0003,44,0.0859375,0.009817462,-0.2355000525712967,-0.01162045622477308,-10.087359428405762,0.003304043790558353,430,1.3060096502304077,0.887903667986393,,
0.2,1430,92160,64,0.0181568,0.0003,45,0.072216796875,0.007759179,-0.1853187531232834,-0.007626729001640342,-10.108358612656593,0.04280574372969568,440,1.3074557781219482,0.7403258979320526,,
0.2,1436,94208,65,0.01811584,0.0003,46,0.0830078125,0.008743865,-0.2055242359638214,-0.011081462565925904,-10.132089668512345,0.009956574071838985,450,1.3151793479919434,0.8474498838186264,,
0.2,1441,96256,66,0.01807488,0.0003,47,0.12021484375,0.011436716,-0.20799751579761505,-0.01553998645831598,-10.185912600159645,0.006639346209703944,460,1.3290183544158936,0.715474396944046,,
0.2,1445,98304,67,0.018033920000000002,0.0003,48,0.134765625,0.011646219,-0.2065066695213318,-0.01542164948186837,-10.252579951286316,0.0057849147793604064,470,1.345289707183838,0.8717694133520126,,
0.2,1450,100352,69,0.017992960000000002,0.0003,49,0.0896484375,0.009154839,-0.1973143219947815,-0.012238914411864244,-10.291874843835831,0.02952600607968634,480,1.3512351512908936,0.7630180418491364,,
0.2,1453,102400,70,0.017952,0.0003,50,0.120751953125,0.01085909,-0.2180439829826355,-0.01379985515086446,-10.301579970121384,0.008043537492631004,490,1.3487625122070312,0.7105466723442078,,
0.2,1456,104448,71,0.01791104,0.0003,51,0.109375,0.01102886,-0.2002629041671753,-0.016344416403444483,-10.3484747081995,0.005264184331463184,500,1.3699922561645508,0.7989591956138611,,
0.2,1460,106496,72,0.01787008,0.0003,52,0.099609375,0.009395548,-0.19385755062103271,-0.012012361467350274,-10.417842125892639,0.004490395828906912,510,1.3817527294158936,0.8867477923631668,,
0.2,1465,108544,74,0.01782912,0.0003,53,0.084716796875,0.0091329925,-0.2003229260444641,-0.009907434368506074,-10.470237621665001,0.008925013334373944,520,1.3936055898666382,0.8365762829780579,,
0.2,1469,110592,75,0.01778816,0.0003,54,0.097119140625,0.009321861,-0.20639970898628235,-0.012393418024294079,-10.517021772265434,0.007889803199213929,530,1.4049882888793945,0.5939527153968811,,
0.2,1471,112640,76,0.0177472,0.0003,55,0.0986328125,0.009336702,-0.19179993867874146,-0.013224049826385453,-10.562786361575126,0.005460033537383424,540,1.41481351852417,0.842024564743042,,
0.2,1473,114688,77,0.01770624,0.0003,56,0.102099609375,0.009220378,-0.22781871259212494,-0.012022860127035528,-10.599413195252419,0.005503035982110304,550,1.4245328903198242,0.8812148198485374,,
0.2,1476,116736,79,0.01766528,0.0003,57,0.067626953125,0.00713249,-0.13237568736076355,-0.006832980744366069,-10.633845973014832,0.12730230165179818,560,1.4327987432479858,0.47922658920288086,,
0.2,1479,118784,80,0.01762432,0.0003,58,0.087109375,0.007693367,-0.21127799153327942,-0.010143332130974158,-10.643821340799331,0.009580222076328937,570,1.4305204153060913,0.630547046661377,,
0.2,,120000,,0.01760016,0.0003,,0.1056640625,0.010332426,-0.2010968029499054,-0.010415702933096327,-10.660930091142655,0.007265579770319164,580,1.4390122890472412,0.8822862058877945,1000.0,-50.62120664315298
0.2,1383,120832,87,0.01758336,0.0003,59,,,,,,,,,,,
0.2,1388,122880,88,0.0175424,0.0003,60,0.092919921875,0.009037223,-0.2011696696281433,-0.012196421812404878,-10.696207335591316,0.018674197235668544,590,1.4459689855575562,0.8502134084701538,,
0.2,1392,124928,89,0.01750144,0.0003,61,0.07626953125,0.009099618,-0.18684625625610352,-0.009454467917385046,-10.736028093099595,0.011049664067104458,600,1.4570249319076538,0.6673364341259003,,
0.2,1396,126976,90,0.01746048,0.0003,62,0.088916015625,0.009640457,-0.2068513035774231,-0.011851498295436613,-10.782009714841843,0.010291801109269727,610,1.4698972702026367,0.61651411652565,,
0.2,1399,129024,92,0.01741952,0.0003,63,0.08994140625,0.008860894,-0.19465140998363495,-0.011380427016410977,-10.789332044124603,0.004687362798722461,620,1.4624643325805664,0.830046221613884,,
0.2,1403,131072,93,0.01737856,0.0003,64,0.11015625,0.011379993,-0.19529801607131958,-0.013742144606658258,-10.796622827649117,0.008819665425107814,630,1.4706186056137085,0.9385824613273144,,
0.2,1407,133120,94,0.0173376,0.0003,65,0.109375,0.011821384,-0.18392148613929749,-0.016370643803384155,-10.801614886522293,0.030310393217951058,640,1.467620611190796,0.6780374050140381,,
0.2,1410,135168,95,0.017296640000000002,0.0003,66,0.085595703125,0.00860473,-0.2184145152568817,-0.011684577344567515,-10.850629249215126,0.01020983605994843,650,1.4878052473068237,0.6389321088790894,,
0.2,1413,137216,97,0.01725568,0.0003,67,0.11650390625,0.008387551,-0.2160423994064331,-0.014282580063445493,-10.87740317583084,0.005112830021244008,660,1.484126091003418,0.8665266633033752,,
0.2,1416,139264,98,0.01721472,0.0003,68,0.107568359375,0.009575101,-0.18792158365249634,-0.012500938602897804,-10.878076735138894,0.029579934642242733,670,1.4886417388916016,0.7940004467964172,,
0.2,1419,141312,99,0.01717376,0.0003,69,0.070703125,0.007332891,-0.19384747743606567,-0.010718531371094287,-10.89938188791275,0.006981867130525643,680,1.4945189952850342,0.710080087184906,,
0.2,1423,143360,100,0.0171328,0.0003,70,0.11513671875,0.010520145,-0.2009415477514267,-0.011956493549223523,-10.92615386247635,0.009235225971497129,690,1.5009334087371826,0.8001275509595871,,
0.2,1426,145408,101,0.01709184,0.0003,71,0.0890625,0.008524158,-0.20221178233623505,-0.013911292323609815,-10.956015890836715,0.005883457060554065,700,1.5108788013458252,0.8716290295124054,,
0.2,1429,147456,103,0.01705088,0.0003,72,0.12783203125,0.011860184,-0.2020128071308136,-0.012393086112570017,-10.987989756464959,0.05049140020419145,710,1.5185579061508179,0.7439779341220856,,
0.2,1433,149504,104,0.01700992,0.0003,73,0.087451171875,0.008672938,-0.20101377367973328,-0.011880094630760141,-11.019684606790543,0.008976382543914951,720,1.525681495666504,0.7382897734642029,,
0.2,1436,151552,105,0.01696896,0.0003,74,0.0953125,0.009650877,-0.22323526442050934,-0.013131576450541615,-11.073844343423843,0.006204414054082008,730,1.5439558029174805,0.60553377866745,,
0.2,1439,153600,106,0.016928000000000002,0.0003,75,0.12548828125,0.010842944,-0.20739255845546722,-0.014768420992186292,-11.137961494922639,0.00440060714900028,740,1.5609925985336304,0.8392820954322815,,
0.2,1443,155648,107,0.01688704,0.0003,76,0.082080078125,0.008396972,-0.17660532891750336,-0.011008385484456085,-11.178811225295068,0.007218933979311259,750,1.5654733180999756,0.8471342921257019,,
0.2,1446,157696,109,0.01684608,0.0003,77,0.11240234375,0.010665562,-0.21190784871578217,-0.014897186312009581,-11.22424253821373,0.009379478948540054,760,1.5817351341247559,0.7588532418012619,,
0.2,1449,159744,110,0.01680512,0.0003,78,0.105517578125,0.010597658,-0.17789201438426971,-0.012787863836274482,-11.276678329706192,0.007733676625502994,770,1.5932458639144897,0.6748828887939453,,
0.2,,160000,,0.01680016,0.0003,,0.115087890625,0.009842589,-0.20799104869365692,-0.013472016336163507,-11.304160064458847,0.004679882874188479,780,1.6000969409942627,0.8873875811696053,1000.0,-44.98878053573426
0.2,1382,161792,117,0.01676416,0.0003,79,,,,,,,,,,,
0.2,1385,163840,118,0.0167232,0.0003,80,0.101220703125,0.010269081,-0.19518493115901947,-0.012024791070143693,-11.323618590831757,0.008975363285571802,790,1.6032068729400635,0.9099050089716911,,
0.2,1389,165888,119,0.01668224,0.0003,81,0.110498046875,0.011351759,-0.23259304463863373,-0.01496502349182265,-11.36752571463585,0.008498027650057338,800,1.6204484701156616,0.8767891079187393,,
0.2,1392,167936,120,0.01664128,0.0003,82,0.09208984375,0.010070308,-0.20976023375988007,-0.01241361303254962,-11.417254495620728,0.004926840792177245,810,1.629400610923767,0.789259597659111,,
0.2,1395,169984,121,0.016600320000000002,0.0003,83,0.12060546875,0.0119702285,-0.21155190467834473,-0.01564779440232087,-11.477978470921517,0.004579669828672195,820,1.6536455154418945,0.8824611976742744,,
0.2,1398,172032,122,0.016559360000000002,0.0003,84,0.09150390625,0.008362591,-0.22161465883255005,-0.010776716914551798,-11.54276262819767,0.008621036563272354,830,1.666724443435669,0.9163941368460655,,
0.2,1402,174080,124,0.0165184,0.0003,85,0.097412109375,0.010317997,-0.22184231877326965,-0.012899540300713852,-11.571389856934548,0.007360588201117934,840,1.6697022914886475,0.7239325046539307,,
0.2,1405,176128,125,0.01647744,0.0003,86,0.092529296875,0.009651132,-0.18549470603466034,-0.012570928686182014,-11.586555349826813,0.007106262654997408,850,1.6765096187591553,0.7926321625709534,,
0.2,1408,178176,126,0.01643648,0.0003,87,0.1056640625,0.009064722,-0.18888813257217407,-0.013586723644402809,-11.594366466999054,0.00588110261815018,860,1.6746705770492554,0.9101343005895615,,
0.2,1410,180224,127,0.01639552,0.0003,88,0.09423828125,0.0098028695,-0.18589399755001068,-0.011394941507023758,-11.604694563150407,0.058023254669387826,870,1.6827034950256348,0.608869880437851,,
0.2,1413,182272,128,0.01635456,0.0003,89,0.068798828125,0.007887235,-0.17339934408664703,-0.008338532317429781,-11.613961178064347,0.006949544841336319,880,1.6797211170196533,0.6660268008708954,,
0.2,1416,184320,130,0.0163136,0.0003,90,0.122265625,0.010318451,-0.21481062471866608,-0.01524905878759455,-11.621392276883125,0.007783158197707962,890,1.687497615814209,0.7362862229347229,,
0.2,1420,186368,131,0.01627264,0.0003,91,0.101513671875,0.010483422,-0.21220050752162933,-0.012890112574677915,-11.645388475060463,0.007293727732030675,900,1.6935396194458008,0.8733700960874557,,
0.2,1423,188416,132,0.016231680000000002,0.0003,92,0.083251953125,0.007869136,-0.18108995258808136,-0.012514098356768954,-11.648975130915641,0.009322701791825238,910,1.6907470226287842,0.8559274077415466,,
0.2,1426,190464,133,0.01619072,0.0003,93,0.0697265625,0.0075168456,-0.18714237213134766,-0.01202442033099942,-11.68647438287735,0.006047968654456781,920,1.7119901180267334,0.6952802240848541,,
0.2,1429,192512,134,0.01614976,0.0003,94,0.10546875,0.011009433,-0.2292126715183258,-0.015264823078177869,-11.775948467850686,0.00537618125526933,930,1.7396821975708008,0.511094480752945,,
0.2,1431,194560,135,0.0161088,0.0003,95,0.096484375,0.009669723,-0.16790272295475006,-0.010707180105964654,-11.81468175649643,0.04352113818167709,940,1.7386016845703125,0.7747398912906647,,
0.2,1433,196608,137,0.01606784,0.0003,96,0.097119140625,0.009349726,-0.18769225478172302,-0.017644894316617865,-11.844531175494193,0.016122310246282724,950,1.7551050186157227,0.809380978345871,,
0.2,1436,198656,138,0.01602688,0.0003,97,0.110107421875,0.009841627,-0.24279071390628815,-0.01624866552883759,-11.881304028630257,0.009202421983354725,960,1.7637709379196167,0.5418147146701813,,
0.2,,200000,,0.01600016,0.0003,,0.084619140625,0.009608313,-0.21187718212604523,-0.012710813924786634,-11.904838520288468,0.0054616846886347045,970,1.7663488388061523,0.8017893880605698,1000.0,-42.239192692004146
0.2,1383,200704,145,0.01598592,0.0003,98,,,,,,,,,,,
0.2,1386,202752,146,0.01594496,0.0003,99,0.092919921875,0.010195345,-0.18330220878124237,-0.01073792239476461,-11.920048210024834,0.007369130523875356,980,1.770891547203064,0.9268954247236252,,
0.2,1389,204800,147,0.015904,0.0003,100,0.096484375,0.009551507,-0.19283656775951385,-0.01192099973850418,-11.916868084669114,0.08553206885990221,990,1.7667381763458252,0.4849615693092346,,
0.2,1391,206848,148,0.015863040000000002,0.0003,101,0.10224609375,0.010316607,-0.19720734655857086,-0.015375756056164392,-11.94861867427826,0.012947056503617205,1000,1.788879156112671,0.7044710516929626,,
0.2,1394,208896,149,0.015822080000000002,0.0003,102,0.127880859375,0.011183429,-0.2190382033586502,-0.01611105724296067,-11.980863296985627,0.007864188207895495,1010,1.7890985012054443,0.7994754612445831,,
0.2,1397,210944,150,0.01578112,0.0003,103,0.1001953125,0.009663599,-0.2285570353269577,-0.011783991270931438,-11.991782194375991,0.0419624957095948,1020,1.7978813648223877,0.7263775169849396,,
0.2,1399,212992,152,0.01574016,0.0003,104,0.11923828125,0.010069123,-0.20305278897285461,-0.016905494160891977,-12.028228494524956,0.009956170618534089,1030,1.8088258504867554,0.7298368215560913,,
0.2,1402,215040,153,0.0156992,0.0003,105,0.098828125,0.008955955,-0.22162076830863953,-0.015361084665346424,-12.012254285812379,0.007926372330985032,1040,1.7936452627182007,0.5425029397010803,,
0.2,1404,217088,154,0.01565824,0.0003,106,0.0791015625,0.008177623,-0.20457768440246582,-0.010881522158160805,-12.028276896476745,0.005180296238540905,1050,1.8146116733551025,0.8388990014791489,,
0.2,1406,219136,155,0.01561728,0.0003,107,0.146337890625,0.011675819,-0.1859624981880188,-0.01794967493333388,-12.07608496248722,0.012476416495337617,1060,1.8242772817611694,0.8771435096859932,,
0.2,1408,221184,157,0.015576320000000001,0.0003,108,0.053271484375,0.006748405,-0.1954958140850067,-0.006991000735433772,-12.104057815670966,0.27608642940758726,1070,1.8328635692596436,0.1237494945526123,,
0.2,1410,223232,158,0.01553536,0.0003,109,0.115478515625,0.010687206,-0.20041215419769287,-0.01620499802811537,-12.150250938534736,0.010470761806936934,1080,1.8487056493759155,0.6577840149402618,,
0.2,1412,225280,159,0.0154944,0.0003,110,0.114208984375,0.010147372,-0.22815757989883423,-0.01472401877399534,-12.196253678202629,0.006799177714128746,1090,1.859644889831543,0.6575936675071716,,
0.2,1414,227328,160,0.01545344,0.0003,111,0.0810546875,0.0078006387,-0.2012578696012497,-0.013633991239476017,-12.211057463288308,0.009163950737274718,1100,1.8611615896224976,0.6710226833820343,,
0.2,1416,229376,161,0.01541248,0.0003,112,0.11044921875,0.010770978,-0.20128262042999268,-0.013499427211354487,-12.24094045162201,0.007640726835234091,1110,1.8757123947143555,0.7764914333820343,,
0.2,1419,231424,163,0.01537152,0.0003,113,0.11943359375,0.010403661,-0.19963139295578003,-0.016153804850182495,-12.281092685461044,0.008224008906108794,1120,1.8863439559936523,0.8095451891422272,,
0.2,1421,233472,164,0.01533056,0.0003,114,0.10048828125,0.010894466,-0.21566921472549438,-0.011677759967278689,-12.294452738761901,0.006515309310634621,1130,1.8825416564941406,0.8776520192623138,,
0.2,1423,235520,165,0.0152896,0.0003,115,0.104443359375,0.010360686,-0.20697163045406342,-0.014172646269435063,-12.28256942331791,0.005156619392073481,1140,1.8799760341644287,0.9169234856963158,,
0.2,1425,237568,166,0.01524864,0.0003,116,0.098681640625,0.009973903,-0.22958365082740784,-0.016744959019706584,-12.30077902674675,0.006030321027355967,1150,1.8927786350250244,0.6686946451663971,,
0.2,1428,239616,167,0.015207680000000001,0.0003,117,0.092138671875,0.008921278,-0.22123408317565918,-0.01368981579435058,-12.34258301258087,0.0069983816174499225,1160,1.9080581665039062,0.8187221139669418,,
0.2,,240000,,0.01520016,0.0003,,0.102685546875,0.00941754,-0.211685910820961,-0.01582263394957408,-12.383724585175514,0.004945966113882605,1170,1.920445203781128,0.9346529245376587,1000.0,-40.42967900959847
0.2,1383,241664,174,0.015166720000000002,0.0003,118,,,,,,,,,,,
0.2,1385,243712,175,0.01512576,0.0003,119,0.08466796875,0.008956792,-0.19901800155639648,-0.012269974219088908,-12.42514734864235,0.006022342627693434,1180,1.9360765218734741,0.9601401947438717,,
0.2,1387,245760,177,0.015084799999999999,0.0003,120,0.082421875,0.008937647,-0.230711430311203,-0.012146022403612733,-12.46847448348999,0.005801928011351265,1190,1.9489374160766602,0.7303000688552856,,
0.2,1390,247808,178,0.01504384,0.0003,121,0.107177734375,0.010177629,-0.1807270646095276,-0.016175949113676324,-12.498505109548569,0.005189137191337068,1200,1.9561737775802612,0.8101133406162262,,
0.2,1392,249856,179,0.01500288,0.0003,122,0.084765625,0.009495974,-0.2080976665019989,-0.01102601051388774,-12.546623450517654,0.0044135715921584055,1210,1.9760265350341797,0.9044741690158844,,
0.2,1394,251904,180,0.01496192,0.0003,123,0.09169921875,0.009978626,-0.2065519392490387,-0.012547053591697476,-12.58498125076294,0.12683152141689788,1220,1.9865573644638062,-0.34504854679107666,,
0.2,1396,253952,181,0.01492096,0.0003,124,0.096533203125,0.008897753,-0.2057696282863617,-0.012912987367599271,-12.624210581183434,0.007869436993496492,1230,1.999666452407837,0.7086549401283264,,
0.2,1399,256000,182,0.01488,0.0003,125,0.082080078125,0.008983927,-0.195359468460083,-0.01311649415292777,-12.651219710707664,0.00593139793490991,1240,2.0055577754974365,0.9170255959033966,,
0.2,1401,258048,184,0.014839040000000001,0.0003,126,0.093310546875,0.009322436,-0.23885369300842285,-0.012678017973667011,-12.69793135523796,0.004540397862729151,1250,2.0279698371887207,0.9517525024712086,,
0.2,1403,260096,185,0.014798080000000002,0.0003,127,0.064794921875,0.006078395,-0.1695885956287384,-0.0072956426534801725,-12.735687151551247,0.3283860720373923,1260,2.036917209625244,0.5932553708553314,,
0.2,1405,262144,186,0.01475712,0.0003,128,0.05556640625,0.0069710244,-0.16839724779129028,-0.010704053117660806,-12.757049134373665,0.44439892465015873,1270,2.0424838066101074,-0.5958647727966309,,
0.2,1407,264192,187,0.01471616,0.0003,129,0.100927734375,0.009459363,-0.2069706916809082,-0.013734770947485231,-12.758000764250756,0.008227987302961991,1280,2.0393218994140625,0.797758549451828,,
0.2,1409,266240,188,0.014675200000000001,0.0003,130,0.101904296875,0.010580771,-0.20429310202598572,-0.01387823350087274,-12.785650911927224,0.007717133827100042,1290,2.0539796352386475,0.942962970584631,,
0.2,1411,268288,190,0.01463424,0.0003,131,0.104052734375,0.010196583,-0.18040351569652557,-0.014098842986277305,-12.859712663292886,0.017964453452441374,1300,2.0888471603393555,0.8344077914953232,,
0.2,1413,270336,191,0.01459328,0.0003,132,0.101806640625,0.011004247,-0.20953433215618134,-0.015773973680916244,-12.914387732744217,0.008537604022421874,1310,2.0987958908081055,0.5936866104602814,,
0.2,1415,272384,192,0.01455232,0.0003,133,0.08349609375,0.009420488,-0.18768954277038574,-0.013128209886781405,-12.96080772280693,0.0063307924552646,1320,2.118593215942383,0.837142214179039,,
0.2,1417,274432,193,0.014511360000000001,0.0003,134,0.0779296875,0.00800092,-0.21277478337287903,-0.012097631025244481,-12.999311977624894,0.007248520817665849,1330,2.1312448978424072,0.9367690235376358,,
0.2,1419,276480,194,0.014470400000000001,0.0003,135,0.1220703125,0.0118861925,-0.22639122605323792,-0.016649099154165015,-13.046806299686432,0.01044942205917323,1340,2.152249813079834,0.9058149382472038,,
0.2,1421,278528,195,0.01442944,0.0003,136,0.108154296875,0.011600148,-0.2084115594625473,-0.017031341438996605,-13.08211295902729,0.006167364034627099,1350,2.1598095893859863,0.7557682245969772,,
0.2,,280000,,0.014400159999999999,0.0003,,0.095068359375,0.009170434,-0.2219695746898651,-0.01544102291809395,-13.095314049720765,0.004891063283139374,1360,2.1627097129821777,0.8725217431783676,1000.0,-37.83812104947865
0.2,1383,280576,202,0.01438848,0.0003,137,,,,,,,,,,,
0.2,1385,282624,203,0.01434752,0.0003,138,0.09951171875,0.009523813,-0.17188334465026855,-0.01350077356764814,-13.108401900529861,0.00740011047491862,1370,2.1670167446136475,0.9082354083657265,,
0.2,1386,284672,205,0.01430656,0.0003,139,0.085791015625,0.009124983,-0.18309396505355835,-0.012432031659409403,-13.131417435407638,0.07729871748015285,1380,2.1788253784179688,0.5459599196910858,,
0.2,1388,286720,206,0.0142656,0.0003,140,0.098291015625,0.009841468,-0.21590760350227356,-0.013810670183738693,-13.191634032130242,0.007746949553256855,1390,2.2066028118133545,0.7510285079479218,,
0.2,1391,288768,207,0.01422464,0.0003,141,0.097412109375,0.010058356,-0.1791897416114807,-0.014707097780774347,-13.239510419964791,0.005695081539306557,1400,2.2167775630950928,0.7982203960418701,,
0.2,1393,290816,208,0.01418368,0.0003,142,0.087451171875,0.009001924,-0.17064453661441803,-0.012740826250228566,-13.281316769123077,0.007429293879977194,1410,2.237636089324951,0.9419310949742794,,
0.2,1395,292864,209,0.014142720000000001,0.0003,143,0.08037109375,0.007996613,-0.1737617403268814,-0.009223818403552287,-13.296915668249131,0.02257992413797183,1420,2.233139753341675,0.7803119271993637,,
0.2,1397,294912,211,0.014101760000000001,0.0003,144,0.104931640625,0.009508596,-0.1975334733724594,-0.016609260215773247,-13.299662694334984,0.007873151948297163,1430,2.2375338077545166,0.5768512189388275,,
0.2,1399,296960,212,0.0140608,0.0003,145,0.09755859375,0.009656185,-0.19858410954475403,-0.013460816530277952,-13.315391719341278,0.0031941765188093995,1440,2.2422080039978027,0.8894620090723038,,
0.2,1401,299008,213,0.01401984,0.0003,146,0.0865234375,0.009169368,-0.2310955673456192,-0.01291734048863873,-13.327419665455817,0.007347409173235064,1450,2.2497127056121826,0.9538106992840767,,
0.2,1403,301056,214,0.01397888,0.0003,147,0.0935546875,0.010520117,-0.21473388373851776,-0.015330042774439789,-13.378191259503364,0.010035894728207494,1460,2.279914140701294,0.9456603974103928,,
0.2,1405,303104,215,0.01393792,0.0003,148,0.097900390625,0.009722775,-0.19801248610019684,-0.017799419336370192,-13.426564061641693,0.009662190567178186,1470,2.28643536567688,0.7487567365169525,,
0.2,1406,305152,216,0.01389696,0.0003,149,0.096533203125,0.0099782,-0.19326435029506683,-0.013891332026105374,-13.412996211647988,0.007007760414126096,1480,2.2705917358398438,0.9014861956238747,,
0.2,1408,307200,218,0.013856,0.0003,150,0.12626953125,0.011180602,-0.18389631807804108,-0.017677422662382015,-13.418018573522568,0.0067925650291726924,1490,2.2844903469085693,0.9580991454422474,,
0.2,1410,309248,219,0.01381504,0.0003,151,0.084375,0.009900532,-0.21126022934913635,-0.014105505353654735,-13.468150758743286,0.00604978862174903,1500,2.3085520267486572,0.8839354664087296,,
0.2,1412,311296,220,0.013774080000000001,0.0003,152,0.10576171875,0.010413718,-0.21672825515270233,-0.01589164210599847,-13.513216987252235,0.007035155800986103,1510,2.3236207962036133,0.7408072650432587,,
0.2,1414,313344,221,0.01373312,0.0003,153,0.07275390625,0.0091243815,-0.2018400877714157,-0.01266593910404481,-13.581565082073212,0.005155794887105003,1520,2.360044240951538,0.8189307302236557,,
0.2,1416,315392,222,0.01369216,0.0003,154,0.122412109375,0.011503892,-0.20665378868579865,-0.016774697418441065,-13.6296816945076,0.0067636971412866845,1530,2.3696646690368652,0.9118568003177643,,
0.2,1417,317440,223,0.0136512,0.0003,155,0.0806640625,0.008135155,-0.1990223526954651,-0.012198375430307351,-13.633844006061555,0.007809338279184885,1540,2.365900993347168,0.7842032611370087,,
0.2,1419,319488,225,0.01361024,0.0003,156,0.100927734375,0.009841055,-0.15640024840831757,-0.015547418216010555,-13.608627787232399,0.006230421597138047,1550,2.3520846366882324,0.6278300583362579,,
0.2,,320000,,0.01360016,0.0003,,0.09091796875,0.008588932,-0.17506445944309235,-0.011636357152019628,-13.615723618865013,0.003423574486805592,1560,2.3639159202575684,0.7841624915599823,1000.0,-45.74434880819172
0.2,1386,321536,231,0.01356928,0.0003,157,,,,,,,,,,,
0.2,1387,323584,233,0.01352832,0.0003,158,0.07666015625,0.010858443,-0.16563980281352997,-0.013411115045892074,-13.638979548215866,0.05967873180343304,1570,2.373103141784668,0.6161176562309265,,
0.2,1389,325632,234,0.01348736,0.0003,159,0.0818359375,0.00887019,-0.1947871744632721,-0.013977528348914348,-13.639540088176727,0.019026879512239248,1580,2.3667733669281006,0.779895007610321,,
0.2,1391,327680,235,0.0134464,0.0003,160,0.125830078125,0.011652045,-0.20553666353225708,-0.018355478596640752,-13.65725635290146,0.0069753752461110706,1590,2.385939359664917,0.798745334148407,,
0.2,1393,329728,236,0.013405440000000001,0.0003,161,0.124365234375,0.011647107,-0.2310759425163269,-0.018463822625926697,-13.70460086762905,0.011000344946660334,1600,2.4035773277282715,0.8695860952138901,,
0.2,1394,331776,237,0.01336448,0.0003,162,0.070751953125,0.010745809,-0.16609527170658112,-0.01397941188333789,-13.72305142879486,0.05613765512825921,1610,2.4037580490112305,0.7960759848356247,,
0.2,1396,333824,239,0.01332352,0.0003,163,0.111376953125,0.012282316,-0.2039596289396286,-0.014943548355950043,-13.730484864115715,0.008151294932031306,1620,2.410756826400757,0.6182997524738312,,
0.2,1397,335872,240,0.01328256,0.0003,164,0.06943359375,0.008050513,-0.18148145079612732,-0.01126252404646948,-13.759251490235329,0.005718553569022333,1630,2.4215967655181885,0.8625531643629074,,
0.2,1399,337920,241,0.0132416,0.0003,165,0.08994140625,0.0089508165,-0.18748624622821808,-0.01634604033024516,-13.800081533193588,0.006611637693276861,1640,2.447784423828125,0.8775834515690804,,
0.2,1400,339968,242,0.01320064,0.0003,166,0.10107421875,0.011119636,-0.2214948832988739,-0.0137982356158318,-13.872622910141946,0.00849577045228216,1650,2.4791953563690186,0.9473575726151466,,
0.2,1401,342016,243,0.01315968,0.0003,167,0.10869140625,0.011181941,-0.22061657905578613,-0.01691542206972372,-13.935152205824853,0.0036669366592832374,1660,2.5009117126464844,0.6785267293453217,,
0.2,1402,344064,245,0.01311872,0.0003,168,0.113916015625,0.009855926,-0.19513122737407684,-0.016737251929589546,-13.962364357709884,0.00436907371840789,1670,2.5090575218200684,0.7758347690105438,,
0.2,1403,346112,246,0.01307776,0.0003,169,0.07880859375,0.0084017,-0.187740758061409,-0.013775725860614329,-13.986893638968468,0.005356168109574355,1680,2.519498825073242,0.8991285860538483,,
0.2,1403,348160,248,0.0130368,0.0003,170,0.071533203125,0.008584219,-0.17989608645439148,-0.010371303118881769,-13.995788168907165,0.009048456154414453,1690,2.5172533988952637,0.9372678175568581,,
0.2,1402,350208,249,0.01299584,0.0003,171,0.11103515625,0.010264323,-0.19763301312923431,-0.015074500333867036,-13.965926894545555,0.009061408780689817,1700,2.500558376312256,0.6962095201015472,,
0.2,1403,352256,250,0.01295488,0.0003,172,0.123193359375,0.010942828,-0.21996018290519714,-0.01763453560997732,-13.945801401138306,0.004705664950597566,1710,2.502689838409424,0.7543734014034271,,
0.2,1404,354304,252,0.012913919999999999,0.0003,173,0.099755859375,0.010189975,-0.179087296128273,-0.01720335578720551,-13.944204571843148,0.005944438629376237,1720,2.4979796409606934,0.942248959094286,,
0.2,1405,356352,253,0.01287296,0.0003,174,0.091552734375,0.009992583,-0.2012285739183426,-0.015678230993216857,-13.975780749320984,0.0059876957944652535,1730,2.5231947898864746,0.9238922297954559,,
0.2,1407,358400,254,0.012832,0.0003,175,0.0986328125,0.010319945,-0.19531065225601196,-0.013937499356688931,-14.009325245022774,0.005716581147135002,1740,2.5262551307678223,0.7305895984172821,,
0.2,,360000,,0.012800160000000001,0.0003,,0.09619140625,0.009495524,-0.20015454292297363,-0.015275723396916874,-14.02701577246189,0.004708650994871277,1750,2.535490036010742,0.7368118762969971,1000.0,-52.02129132952541
0.2,1376,360448,261,0.01279104,0.0003,176,,,,,,,,,,,
0.2,1378,362496,262,0.01275008,0.0003,177,0.097314453125,0.0095127,-0.21001535654067993,-0.015836105417110957,-14.05823431611061,0.002834196154071833,1760,2.5572497844696045,0.9554455354809761,,
0.2,1380,364544,264,0.01270912,0.0003,178,0.08154296875,0.009302039,-0.18752853572368622,-0.01341084818704985,-14.100068512558938,0.01084573487751186,1770,2.5752735137939453,0.8645167648792267,,
0.2,1381,366592,265,0.012668160000000001,0.0003,179,0.0974609375,0.00946075,-0.17627885937690735,-0.015209763211896644,-14.104311707615853,0.007865786095499061,1780,2.5641942024230957,0.7867410778999329,,
0.2,1383,368640,266,0.0126272,0.0003,180,0.12001953125,0.011153996,-0.2047315090894699,-0.01708585364976898,-14.107561355829239,0.006140723633143353,1790,2.5744996070861816,0.5332874357700348,,
0.2,1384,370688,267,0.01258624,0.0003,181,0.101806640625,0.01066982,-0.17598164081573486,-0.015670825153938493,-14.151792860031128,0.003515528865318629,1800,2.5981392860412598,0.8925425633788109,,
0.2,1386,372736,268,0.012545279999999999,0.0003,182,0.1236328125,0.010199303,-0.17838405072689056,-0.01833277916884981,-14.184313634037972,0.010605845011014026,1810,2.608954429626465,0.5335804522037506,,
0.2,1387,374784,270,0.01250432,0.0003,183,0.107177734375,0.009831667,-0.20525023341178894,-0.015452431500307284,-14.224833378195763,0.00844772737909807,1820,2.6273465156555176,0.4608180522918701,,
0.2,1388,376832,271,0.01246336,0.0003,184,0.10693359375,0.009534341,-0.20216698944568634,-0.015558387980854604,-14.25230622291565,0.007772084004682256,1830,2.6323084831237793,0.6838503777980804,,
0.2,1389,378880,272,0.0124224,0.0003,185,0.131982421875,0.013062008,-0.20293666422367096,-0.018399134583887644,-14.267230704426765,0.005026253369578626,1840,2.642849922180176,0.8754568994045258,,
0.2,1390,380928,273,0.01238144,0.0003,186,0.09765625,0.00867665,-0.1975765973329544,-0.015408971413853579,-14.315231266617776,0.006190980185783701,1850,2.674039363861084,0.8635202050209045,,
0.2,1391,382976,275,0.012340480000000001,0.0003,187,0.083056640625,0.009258866,-0.19435565173625946,-0.01753788884379901,-14.360310450196266,0.005945747443911386,1860,2.6803176403045654,0.5655502378940582,,
0.2,1392,385024,276,0.012299520000000001,0.0003,188,0.073974609375,0.007872066,-0.18481433391571045,-0.013203805827652104,-14.369193831086159,0.005571087815769715,1870,2.6866374015808105,0.7932972609996796,,
0.2,1393,387072,277,0.01225856,0.0003,189,0.075,0.008837558,-0.203998401761055,-0.014195856434525922,-14.377097678184509,0.00883029200413148,1880,2.689666748046875,0.9232517257332802,,
0.2,1395,389120,278,0.012217599999999999,0.0003,190,0.1091796875,0.009423475,-0.21393892168998718,-0.016734468944196123,-14.398854276537895,0.006479291963478318,1890,2.707228660583496,0.9132736623287201,,
0.2,1395,391168,280,0.01217664,0.0003,191,0.07919921875,0.009315783,-0.18260133266448975,-0.01283166957728099,-14.415102326869965,0.005656895585707389,1900,2.7060470581054688,0.5059577822685242,,
0.2,1396,393216,281,0.01213568,0.0003,192,0.10126953125,0.010420479,-0.17772608995437622,-0.015016432416450698,-14.437829607725144,0.004299144818651257,1910,2.7257556915283203,0.891964741051197,,
0.2,1397,395264,282,0.01209472,0.0003,193,0.096533203125,0.010086992,-0.21526189148426056,-0.013340959534980356,-14.452577090263366,0.012117409532220336,1920,2.7211203575134277,0.8447297513484955,,
0.2,1398,397312,284,0.01205376,0.0003,194,0.102001953125,0.009552027,-0.18847686052322388,-0.0172387824364705,-14.450951519608498,0.011519017898535822,1930,2.722963333129883,0.7697210907936096,,
0.2,1399,399360,285,0.0120128,0.0003,195,0.09130859375,0.009412715,-0.18623383343219757,-0.013483250844001305,-14.461397576332093,0.008037449333642144,1940,2.731362819671631,0.7779702097177505,,
0.2,,400000,,0.01200016,0.0003,,0.07216796875,0.0077479277,-0.18253450095653534,-0.012764269317267462,-14.490529119968414,0.006398957790224813,1950,2.74963641166687,0.8994445353746414,1000.0,-42.229094654205255
0.2,1372,401408,292,0.011971840000000001,0.0003,196,,,,,,,,,,,
0.2,1374,403456,293,0.011930880000000001,0.0003,197,0.0775390625,0.008263331,-0.19077014923095703,-0.013122853438835591,-14.524510151147842,0.004786706020240672,1960,2.759807586669922,0.9461481906473637,,
0.2,1375,405504,294,0.01188992,0.0003,198,0.1021484375,0.009744821,-0.1975194811820984,-0.015950116797466763,-14.565974068641662,0.007048778833996039,1970,2.786027431488037,0.6773485541343689,,
0.2,1376,407552,295,0.01184896,0.0003,199,0.09677734375,0.009973299,-0.19870473444461823,-0.017464252363424748,-14.617935153841973,0.006100873246759874,1980,2.8114757537841797,0.6726335883140564,,
0.2,1378,409600,297,0.011807999999999999,0.0003,200,0.087744140625,0.00996341,-0.19037005305290222,-0.014633656560909003,-14.640835553407669,0.004753004276426509,1990,2.816018581390381,0.8211439102888107,,
0.2,1379,411648,298,0.01176704,0.0003,201,0.10595703125,0.010531062,-0.18974989652633667,-0.015630432340549304,-14.652394357323647,0.006037754598946776,2000,2.8252487182617188,0.9148354977369308,,
0.2,1380,413696,299,0.01172608,0.0003,202,0.08359375,0.009614195,-0.19705413281917572,-0.01605140217288863,-14.67966368496418,0.007770007588260341,2010,2.841470718383789,0.8110550493001938,,
0.2,1382,415744,300,0.01168512,0.0003,203,0.12373046875,0.012130734,-0.20154105126857758,-0.021074989906628615,-14.68514625430107,0.006849887280986877,2020,2.8358683586120605,0.6847137808799744,,
0.2,1383,417792,301,0.01164416,0.0003,204,0.08662109375,0.0090628825,-0.1730015128850937,-0.015621633364935406,-14.697602525353432,0.0039816264659748414,2030,2.8507213592529297,0.8801843151450157,,
0.2,1385,419840,303,0.011603200000000001,0.0003,205,0.07861328125,0.008543469,-0.18212558329105377,-0.013523411325877532,-14.675103384256364,0.01206618294963846,2040,2.8203179836273193,0.7912708818912506,,
0.2,1386,421888,304,0.01156224,0.0003,206,0.0796875,0.00801825,-0.20876801013946533,-0.012781091924989597,-14.64624502658844,0.007608287444600137,2050,2.816255569458008,0.7672745138406754,,
0.2,1387,423936,305,0.01152128,0.0003,207,0.091162109375,0.010001034,-0.1988505721092224,-0.016315577464411035,-14.654072776436806,0.005539204301021528,2060,2.8227105140686035,0.73428013920784,,
0.2,1389,425984,306,0.01148032,0.0003,208,0.102490234375,0.008808339,-0.19467003643512726,-0.015340694990300108,-14.653701823949813,0.0035398948824877153,2070,2.822110891342163,0.9725930374115705,,
0.2,1390,428032,307,0.011439359999999999,0.0003,209,0.063671875,0.008486418,-0.20995979011058807,-0.012074203210067936,-14.677780479192734,0.007742010540096089,2080,2.839797019958496,0.9637976139783859,,
0.2,1391,430080,309,0.0113984,0.0003,210,0.089306640625,0.009004004,-0.18823304772377014,-0.015054587976192125,-14.707332050800323,0.007360818002052838,2090,2.8440113067626953,0.6323668658733368,,
0.2,1393,432128,310,0.01135744,0.0003,211,0.097265625,0.009684423,-0.18816284835338593,-0.014865859027486295,-14.723419749736786,0.0043550245252845345,2100,2.8501667976379395,0.7666534781455994,,
0.2,1394,434176,311,0.01131648,0.0003,212,0.083056640625,0.009125294,-0.1756877452135086,-0.013988625188358129,-14.752759051322936,0.0051621253536723085,2110,2.8688104152679443,0.9504409357905388,,
0.2,1395,436224,312,0.01127552,0.0003,213,0.11201171875,0.011437382,-0.16671545803546906,-0.01613660911680199,-14.763213324546815,0.0202921776130097,2120,2.866356372833252,0.8733739703893661,,
0.2,1396,438272,313,0.011234560000000001,0.0003,214,0.0822265625,0.008876118,-0.1876465082168579,-0.015333730418933555,-14.769504410028457,0.005073311136220582,2130,2.8716373443603516,0.5472732782363892,,
0.2,,440000,,0.01120016,0.0003,,0.0951171875,0.0102757085,-0.15400566160678864,-0.01739371271978598,-14.791784369945526,0.005661541581503116,2140,2.887890577316284,0.7930036336183548,1000.0,-50.80208714865148
0.2,1372,440320,320,0.0111936,0.0003,215,,,,,,,,,,,
0.2,1373,442368,321,0.01115264,0.0003,216,0.0896484375,0.010399638,-0.17287643253803253,-0.016531286522513254,-14.841167962551117,0.00426735263390583,2150,2.919081211090088,0.9805126376450062,,
0.2,1375,444416,323,0.01111168,0.0003,217,0.076513671875,0.009308867,-0.1727396547794342,-0.016416623699478806,-14.89552100598812,0.016952735940867568,2160,2.939270496368408,0.9462000131607056,,
0.2,1376,446464,324,0.01107072,0.0003,218,0.117578125,0.010462281,-0.20951884984970093,-0.01768588906270452,-14.882111585140228,0.006941505921713542,2170,2.9165139198303223,0.5172988772392273,,
0.2,1377,448512,325,0.01102976,0.0003,219,0.1,0.010071741,-0.19146576523780823,-0.016070650270557964,-14.873115614056587,0.004560221015708521,2180,2.9271657466888428,0.6644743978977203,,
0.2,1378,450560,326,0.0109888,0.0003,220,0.083544921875,0.009040154,-0.17645993828773499,-0.014827813228475862,-14.889316999912262,0.0043759464366303295,2190,2.940772533416748,0.96938263066113,,
0.2,1379,452608,328,0.01094784,0.0003,221,0.0646484375,0.007839868,-0.17294137179851532,-0.008741616818588227,-14.908619073033332,0.03590658623725176,2200,2.950077772140503,0.6246322691440582,,
0.2,1381,454656,329,0.01090688,0.0003,222,0.079443359375,0.007972976,-0.1873556673526764,-0.015368203447724226,-14.915654346346855,0.005810450281569501,2210,2.9486308097839355,0.5505966544151306,,
0.2,1381,456704,330,0.01086592,0.0003,223,0.09443359375,0.008883163,-0.1766970008611679,-0.015235058701364323,-14.904105362296104,0.003346912134293234,2220,2.9457147121429443,0.8804831579327583,,
0.2,1382,458752,331,0.01082496,0.0003,224,0.1224609375,0.011987188,-0.15885667502880096,-0.018588307526079005,-14.909174466133118,0.004716864776492002,2230,2.9558019638061523,0.95334492623806,,
0.2,1384,460800,332,0.010784,0.0003,225,0.08818359375,0.0098911775,-0.13873594999313354,-0.012283999832288828,-14.924804463982582,0.011381290717690718,2240,2.959500312805176,0.8318232595920563,,
0.2,1385,462848,334,0.01074304,0.0003,226,0.084521484375,0.008162084,-0.16544285416603088,-0.01497718983591767,-14.928206065297127,0.005544427830318455,2250,2.962128162384033,0.6463314890861511,,
0.2,1386,464896,335,0.010702080000000001,0.0003,227,0.102490234375,0.01089077,-0.14878998696804047,-0.015745201577374246,-14.912960717082024,0.0045977602625498545,2260,2.942171096801758,0.8614225387573242,,
0.2,1387,466944,336,0.01066112,0.0003,228,0.079443359375,0.009022432,-0.18757902085781097,-0.014455888900556602,-14.897132217884064,0.00538509343386977,2270,2.942901134490967,0.9301873072981834,,
0.2,1389,468992,337,0.01062016,0.0003,229,0.0802734375,0.009133023,-0.16072967648506165,-0.016290125017985702,-14.89542788863182,0.009199211311351974,2280,2.9384665489196777,0.8958331570029259,,
0.2,1390,471040,338,0.0105792,0.0003,230,0.09921875,0.009963168,-0.1984197199344635,-0.014735341935011092,-14.89273701608181,0.004263077377981972,2290,2.9435431957244873,0.7246867120265961,,
0.2,1391,473088,340,0.01053824,0.0003,231,0.0591796875,0.007123332,-0.15646934509277344,-0.01246320242062211,-14.91537123322487,0.004022965831245529,2300,2.962663173675537,0.9256407544016838,,
0.2,1392,475136,341,0.01049728,0.0003,232,0.083740234375,0.00836964,-0.18384680151939392,-0.014232481742510572,-14.944446641206742,0.004482409615593497,2310,2.9754672050476074,0.9725587163120508,,
0.2,1392,477184,342,0.01045632,0.0003,233,0.11162109375,0.008969188,-0.18122027814388275,-0.01666787669819314,-15.000467470288276,0.007685040240903618,2320,3.0116689205169678,0.8978765606880188,,
0.2,1392,479232,344,0.01041536,0.0003,234,0.077880859375,0.008762486,-0.19083230197429657,-0.014036474106251261,-15.029805147647858,0.006328672861855011,2330,3.0135838985443115,0.7336881458759308,,
0.2,,480000,,0.01040016,0.0003,,0.0984375,0.009698915,-0.15577416121959686,-0.014150393340969458,-15.029066199064255,0.005488962544768583,2340,3.0120646953582764,0.9359498471021652,1000.0,-44.00516765639186
0.2,1370,481280,351,0.0103744,0.0003,235,,,,,,,,,,,
0.2,1371,483328,352,0.010333440000000001,0.0003,236,0.1064453125,0.010311218,-0.19216269254684448,-0.01640504770039115,-15.028720459342003,0.006444361750618554,2350,3.009571075439453,0.9735110402107239,,
0.2,1372,485376,353,0.010292480000000001,0.0003,237,0.085791015625,0.0101470025,-0.16814680397510529,-0.015910724774585105,-15.038532501459121,0.016512440818769392,2360,3.0161521434783936,0.7012607753276825,,
0.2,1373,487424,354,0.01025152,0.0003,238,0.1056640625,0.010019751,-0.18480247259140015,-0.01628379538451554,-15.061261355876923,0.005364675285090925,2370,3.0275189876556396,0.6470655500888824,,
0.2,1374,489472,356,0.01021056,0.0003,239,0.112939453125,0.010069545,-0.18975605070590973,-0.018580428609857334,-15.086015245318412,0.004996854270939366,2380,3.0350635051727295,0.9527406021952629,,
0.2,1375,491520,357,0.010169599999999999,0.0003,240,0.076611328125,0.008864628,-0.1885124295949936,-0.015084622922586277,-15.093167132139206,0.011929194026743061,2390,3.041994094848633,0.9452636204659939,,
0.2,1376,493568,358,0.01012864,0.0003,241,0.0982421875,0.009684544,-0.1856715977191925,-0.016386715811677277,-15.121993732452392,0.0070525032133446075,2400,3.0575199127197266,0.5731829702854156,,
0.2,1377,495616,359,0.01008768,0.0003,242,0.075830078125,0.008226812,-0.19741491973400116,-0.013726129560382105,-15.129302269220352,0.006737999491451774,2410,3.0561442375183105,0.6661407351493835,,
0.2,1378,497664,361,0.01004672,0.0003,243,0.122216796875,0.010052128,-0.18048372864723206,-0.018004524329444393,-15.167038071155549,0.004792941376217641,2420,3.093029022216797,0.9099572077393532,,
0.2,1379,499712,362,0.01000576,0.0003,244,0.09501953125,0.009739411,-0.18273110687732697,-0.01721996767737437,-15.216834118962288,0.00819947096024407,2430,3.109144926071167,0.9675418175756931,,
0.2,1380,501760,363,0.01,0.0003,245,0.107177734375,0.009389955,-0.16290205717086792,-0.018315667961724104,-15.225438341498375,0.007717933169624302,2440,3.1108014583587646,0.6848325133323669,,
0.2,1381,503808,364,0.01,0.0003,246,0.093408203125,0.0107312575,-0.1790822297334671,-0.015810998456436208,-15.246738156676292,0.007155337457515998,2450,3.123490810394287,0.7505129277706146,,
0.2,1382,505856,365,0.01,0.0003,247,0.063720703125,0.0071736267,-0.1706036776304245,-0.011830901706707664,-15.264676862955094,0.0059422009762784,2460,3.130585193634033,0.9564843252301216,,
0.2,1383,507904,367,0.01,0.0003,248,0.108837890625,0.011022452,-0.1721145659685135,-0.02069249716878403,-15.265918689966202,0.008703530870116083,2470,3.12629771232605,0.9641706869006157,,
0.2,1385,509952,368,0.01,0.0003,249,0.09716796875,0.008960586,-0.20398090779781342,-0.015857426123693584,-15.262052607536315,0.005749603909498547,2480,3.1289222240448,0.7334990203380585,,
0.2,1386,512000,369,0.01,0.0003,250,0.088232421875,0.008608317,-0.1663648635149002,-0.015368409198708832,-15.275817507505417,0.009270331794687081,2490,3.1394848823547363,0.8000452518463135,,
0.2,1387,514048,370,0.01,0.0003,251,0.105078125,0.011685343,-0.20061372220516205,-0.01610140783013776,-15.285367238521577,0.005630348291015252,2500,3.1473541259765625,0.9422463178634644,,
0.2,1388,516096,371,0.01,0.0003,252,0.09755859375,0.010391544,-0.1650763750076294,-0.015260049360222183,-15.297959452867508,0.010905131751496811,2510,3.1606850624084473,0.9686447456479073,,
0.2,1389,518144,372,0.01,0.0003,253,0.08271484375,0.0077626826,-0.19654572010040283,-0.014343578985426575,-15.316065296530724,0.008689050348766613,2520,3.160154342651367,0.6523478031158447,,
0.2,,520000,,0.01,0.0003,,0.0796875,0.00833646,-0.1793786734342575,-0.013704501607571728,-15.344699183106423,0.006437237928184914,2530,3.179718494415283,0.661798745393753,1000.0,-39.00460394901165
0.2,1368,520192,380,0.01,0.0003,254,,,,,,,,,,,
0.2,1369,522240,381,0.01,0.0003,255,0.100634765625,0.010282645,-0.1868554949760437,-0.01907701512100175,-15.378424349427224,0.005352312586546759,2540,3.197627544403076,0.9525850228965282,,
0.2,1370,524288,382,0.01,0.0003,256,0.08798828125,0.009391221,-0.1842830330133438,-0.015649768519506325,-15.397681292891502,0.007271208804741036,2550,3.2026400566101074,0.949151337146759,,
0.2,1371,526336,383,0.01,0.0003,257,0.0740234375,0.007749728,-0.14818544685840607,-0.01470065604080446,-15.413478377461434,0.006330508834071225,2560,3.2090392112731934,0.7263421714305878,,
0.2,1372,528384,385,0.01,0.0003,258,0.081884765625,0.008732884,-0.14671969413757324,-0.016361862822668626,-15.418845424056054,0.005522590746113565,2570,3.214073896408081,0.7011697292327881,,
0.2,1373,530432,386,0.01,0.0003,259,0.0853515625,0.009241085,-0.16360127925872803,-0.01483656779746525,-15.430340558290482,0.00421095378260361,2580,3.224536657333374,0.9697087146341801,,
0.2,1374,532480,387,0.01,0.0003,260,0.097998046875,0.010311187,-0.13967613875865936,-0.011559755852795206,-15.427778270840644,0.011023379385733278,2590,3.217593193054199,0.8166871070861816,,
0.2,1375,534528,388,0.01,0.0003,261,0.110791015625,0.0106251845,-0.17269542813301086,-0.017253840807825327,-15.434193721413612,0.00783609657737543,2600,3.2350192070007324,0.7505898177623749,,
0.2,1377,536576,389,0.01,0.0003,262,0.108642578125,0.009478033,-0.17460331320762634,-0.018490912843844853,-15.454545390605926,0.006172796006285353,2610,3.235696315765381,0.8229111135005951,,
0.2,1378,538624,390,0.01,0.0003,263,0.0654296875,0.008485563,-0.1771778166294098,-0.013009832677198574,-15.439265581965447,0.00589720789284911,2620,3.2205262184143066,0.9564624018967152,,
0.2,1379,540672,392,0.01,0.0003,264,0.10380859375,0.009517472,-0.1812634915113449,-0.016587500713649207,-15.433130526542664,0.009138224142952822,2630,3.223879814147949,0.9379394054412842,,
0.2,1380,542720,393,0.01,0.0003,265,0.102392578125,0.009424582,-0.14737774431705475,-0.016704649696475827,-15.435939371585846,0.008179685285722372,2640,3.2251393795013428,0.8404574245214462,,
0.2,1381,544768,394,0.01,0.0003,266,0.089892578125,0.009766475,-0.20477662980556488,-0.01741277816472575,-15.449818995594978,0.0043962889561953485,2650,3.2405848503112793,0.8751741126179695,,
0.2,1382,546816,395,0.01,0.0003,267,0.086181640625,0.008654218,-0.18519023060798645,-0.013407380630087572,-15.48080604672432,0.0022175746513312332,2660,3.2551355361938477,0.9235715195536613,,
0.2,1384,548864,396,0.01,0.0003,268,0.074609375,0.009056113,-0.16139116883277893,-0.009742966352496297,-15.53433133661747,0.003688887351745507,2670,3.292645215988159,0.7329850196838379,,
0.2,1385,550912,397,0.01,0.0003,269,0.09072265625,0.008368448,-0.19342274963855743,-0.007781512392102741,-15.60370720922947,0.0031405371620166988,2680,3.3276209831237793,0.6683813035488129,,
0.2,1386,552960,398,0.01,0.0003,270,0.0412109375,0.005774367,-0.16631636023521423,-0.0026890257460763676,-15.626504465937614,0.0030199255093066313,2690,3.3228259086608887,0.8941602259874344,,
0.2,1387,555008,399,0.01,0.0003,271,0.0560546875,0.00655332,-0.15382246673107147,-0.004653458262328059,-15.64524940252304,0.002352255507503287,2700,3.3351478576660156,0.9294684082269669,,
0.2,1388,557056,401,0.01,0.0003,272,0.0818359375,0.0063444423,-0.20916731655597687,-0.008693711433443241,-15.676823276281358,0.001449963512368413,2710,3.3485629558563232,0.9499459005892277,,
0.2,1390,559104,402,0.01,0.0003,273,0.06826171875,0.006388172,-0.145609512925148,-0.002785527112428099,-15.684247606992722,0.0010417734836892123,2720,3.3461902141571045,0.778769463300705,,
0.2,,560000,,0.01,0.0003,,0.04111328125,0.005421417,-0.14978696405887604,-0.0013976505666505545,-15.704060515761375,0.0010409824590624339,2730,3.363077163696289,0.9542212970554829,1000.0,-40.7186369985342
0.2,1373,561152,408,0.01,0.0003,274,,,,,,,,,,,
0.2,1374,563200,409,0.01,0.0003,275,0.07744140625,0.0075217877,-0.16897498071193695,-0.007207783928606659,-15.742189675569534,0.0008711592895451759,2740,3.395582914352417,0.976285582408309,,
0.2,1375,565248,410,0.01,0.0003,276,0.06572265625,0.007076239,-0.1522543877363205,-0.004871185163210612,-15.783882614970207,0.0004262041311903886,2750,3.411466121673584,0.9763493556529284,,
0.2,1377,567296,411,0.01,0.0003,277,0.0568359375,0.0069100987,-0.1769840270280838,-0.004908604169031605,-15.820240503549575,0.0003748930640085746,2760,3.438450336456299,0.9160666763782501,,
0.2,1378,569344,413,0.01,0.0003,278,0.04111328125,0.0049524256,-0.13619108498096466,-0.002890965700498782,-15.836068379878999,0.0004535237581421825,2770,3.431269645690918,0.9800918530672789,,
0.2,1379,571392,414,0.01,0.0003,279,0.10693359375,0.009986596,-0.17602302134037018,-0.009384578655590304,-15.81864542067051,0.0003824522211061776,2780,3.4185714721679688,0.9906353196129203,,
0.2,1380,573440,415,0.01,0.0003,280,0.05625,0.006292565,-0.16712422668933868,-0.004917076433775947,-15.836528724431991,0.00014841615611089766,2790,3.451094627380371,0.8844822570681572,,
0.2,1381,575488,416,0.01,0.0003,281,0.062744140625,0.0061004814,-0.1294291913509369,-0.004336166701978073,-15.874730917811394,0.0001505156765773563,2800,3.46114444732666,0.9688696190714836,,
0.2,1382,577536,417,0.01,0.0003,282,0.044677734375,0.0054126615,-0.15491338074207306,-0.004373292898526416,-15.919785052537918,0.0002580560539172438,2810,3.4958553314208984,0.990824056789279,,
0.2,1383,579584,418,0.01,0.0003,283,0.098779296875,0.0095705455,-0.1625741869211197,-0.00861160189670045,-15.971866497397423,0.0002088293047904699,2820,3.522144317626953,0.9948449130170047,,
0.2,1383,581632,420,0.01,0.0003,284,0.063623046875,0.0059937313,-0.16753418743610382,-0.004743001546012237,-16.014607086777687,5.1636341596861256e-05,2830,3.541912078857422,0.8700348138809204,,
0.2,1384,583680,421,0.01,0.0003,285,0.063232421875,0.008091161,-0.16558659076690674,-0.004829667578451336,-16.03549533486366,7.039537943569485e-05,2840,3.548067808151245,0.983935410156846,,
0.2,1385,585728,422,0.01,0.0003,286,0.070166015625,0.00579456,-0.13554446399211884,-0.005295641589327715,-16.035920149087907,0.00015167095261006124,2850,3.552966594696045,0.9966175775043666,,
0.2,1386,587776,423,0.01,0.0003,287,0.106689453125,0.009294445,-0.14679768681526184,-0.007207638290128671,-16.048986959457398,0.00011055792938918785,2860,3.566892623901367,0.9973936567548662,,
0.2,1386,589824,425,0.01,0.0003,288,0.074951171875,0.0071764253,-0.1690243035554886,-0.0065923709029448215,-16.07244421839714,2.7085158297524004e-05,2870,3.582284688949585,0.9410255886614323,,
0.2,1387,591872,426,0.01,0.0003,289,0.0537109375,0.006254876,-0.15543335676193237,-0.005122597208537627,-16.09361562728882,3.904011970661259e-05,2880,3.585970640182495,0.988291772082448,,
0.2,1389,593920,427,0.01,0.0003,290,0.02529296875,0.0035930665,-0.1654536873102188,-0.0036331645882455633,-16.125621742010118,7.228691427059175e-05,2890,3.615649700164795,0.9986252253875136,,
0.2,1390,595968,428,0.01,0.0003,291,0.0927734375,0.00836318,-0.16515564918518066,-0.005418372762505896,-16.16202095746994,5.034415889184629e-05,2900,3.625549077987671,0.9983767399098724,,
0.2,1391,598016,429,0.01,0.0003,292,0.0703125,0.007492021,-0.17330697178840637,-0.006531553357490338,-16.18094646334648,1.4973207780855092e-05,2910,3.6319193840026855,0.9565692134201527,,
0.2,,600000,,0.01,0.0003,,0.07734375,0.0069581363,-0.17123933136463165,-0.005254854517988861,-16.184696584939957,2.019683251148763e-05,2920,3.630898952484131,0.9928431552834809,1000.0,-17.135780304670334
0.2,1377,600064,435,0.01,0.0003,293,,,,,,,,,,,
0.2,1378,602112,436,0.01,0.0003,294,0.057177734375,0.006591566,-0.1654549241065979,-0.006776384284603409,-16.188812667131423,6.589227068332093e-05,2930,3.6359546184539795,0.9986652082297951,,
0.2,1379,604160,437,0.01,0.0003,295,0.1052734375,0.009807432,-0.16207528114318848,-0.009659175632987172,-16.183595353364943,2.7504697300173575e-05,2940,3.6284732818603516,0.998703233897686,,
0.2,1380,606208,439,0.01,0.0003,296,0.05576171875,0.0064215735,-0.17733846604824066,-0.004710501164663583,-16.199764692783354,9.162621186575847e-06,2950,3.6605746746063232,0.9640542827546597,,
0.2,1381,608256,440,0.01,0.0003,297,0.06474609375,0.0072279,-0.150664284825325,-0.005783417061320506,-16.211236864328384,1.574716941590282e-05,2960,3.649057388305664,0.9950437410734594,,
0.2,1382,610304,441,0.01,0.0003,298,0.048388671875,0.005779276,-0.161684051156044,-0.005288953086710535,-16.20767539143562,4.050376047644022e-05,2970,3.6605422496795654,0.9990587279899046,,
0.2,1383,612352,442,0.01,0.0003,299,0.082470703125,0.0083473995,-0.15639036893844604,-0.005177920829737559,-16.222373354434968,1.792571792691433e-05,2980,3.6672725677490234,0.999300047988072,,
0.2,1384,614400,443,0.01,0.0003,300,0.080908203125,0.00900837,-0.1827809065580368,-0.005678253338555805,-16.24656007885933,8.19625117394196e-06,2990,3.689138412475586,0.9745610598474741,,
0.2,1385,616448,445,0.01,0.0003,301,0.046875,0.007227054,-0.17472906410694122,-0.005545271931623574,-16.289459931850434,1.4396906994917913e-05,3000,3.715045928955078,0.9958729459904134,,
0.2,1386,618496,446,0.01,0.0003,302,0.047314453125,0.005212905,-0.16926640272140503,-0.003753135437727906,-16.328746950626375,3.7709669689434123e-05,3010,3.7366080284118652,0.9991803554003127,,
0.2,1387,620544,447,0.01,0.0003,303,0.063671875,0.008055691,-0.1742967963218689,-0.005947260037646629,-16.343565553426743,1.2883518374451342e-05,3020,3.735725164413452,0.9994246187852696,,
0.2,1388,622592,448,0.01,0.0003,304,0.05859375,0.005937412,-0.1924027055501938,-0.004823916029999964,-16.344619691371918,4.206772028680916e-06,3030,3.736997604370117,0.9758647214621305,,
0.2,1389,624640,449,0.01,0.0003,305,0.065087890625,0.007158562,-0.1751612424850464,-0.005719311819120776,-16.3574877679348,1.0389398567767217e-05,3040,3.7492823600769043,0.9978834455832839,,
0.2,1391,626688,450,0.01,0.0003,306,0.0623046875,0.0062697995,-0.14831066131591797,-0.004930746302125044,-16.37011686563492,3.212716925702352e-05,3050,3.757587432861328,0.999342730967328,,
0.2,1392,628736,451,0.01,0.0003,307,0.0755859375,0.0077925953,-0.15598151087760925,-0.003908156551187858,-16.36761932373047,8.011050174516755e-06,3060,3.7515745162963867,0.9995020617498085,,
0.2,1393,630784,452,0.01,0.0003,308,0.07734375,0.0071531124,-0.16616865992546082,-0.005767587764421478,-16.36462634205818,2.9315917789318748e-06,3070,3.746427059173584,0.9811605159193277,,
0.2,1394,632832,453,0.01,0.0003,309,0.05029296875,0.005697837,-0.1795690506696701,-0.004397691100894008,-16.36212596297264,8.17665499610598e-06,3080,3.745683431625366,0.9992452820297331,,
0.2,1395,634880,454,0.01,0.0003,310,0.07978515625,0.00798192,-0.18193088471889496,-0.0054743903427151965,-16.360745632648467,2.90111329626086e-05,3090,3.7429864406585693,0.999421983899083,,
0.2,1397,636928,455,0.01,0.0003,311,0.040185546875,0.006029516,-0.16736570000648499,-0.004412748233880848,-16.35152091383934,4.996748657770667e-06,3100,3.7356505393981934,0.9995882987277582,,
0.2,1398,638976,456,0.01,0.0003,312,0.063916015625,0.00661873,-0.1929876059293747,-0.0051548053714213895,-16.374068284034728,3.3886985463027485e-06,3110,3.7633213996887207,0.9881551861763,,
0.2,,640000,,0.01,0.0003,,0.067236328125,0.006159595,-0.17805200815200806,-0.007505953617510386,-16.387363612651825,3.404185234234802e-06,3120,3.758207082748413,0.9996377615025267,1000.0,-16.454849392175674
0.2,1385,641024,462,0.01,0.0003,313,,,,,,,,,,,
0.2,1387,643072,463,0.01,0.0003,314,0.070556640625,0.0059292885,-0.15374179184436798,-0.006711208449269179,-16.404255163669585,3.736445584010539e-05,3130,3.783405303955078,0.999642866110662,,
0.2,1388,645120,464,0.01,0.0003,315,0.0625,0.0071455017,-0.17614634335041046,-0.004640788544202223,-16.429364025592804,8.113429109180004e-06,3140,3.7943618297576904,0.9995039981440641,,
0.2,1389,647168,465,0.01,0.0003,316,0.052099609375,0.0063520214,-0.17928466200828552,-0.006544200080679729,-16.416214609146117,1.169697804837e-06,3150,3.7746005058288574,0.9924052152782679,,
0.2,1390,649216,466,0.01,0.0003,317,0.04765625,0.0048955157,-0.17093639075756073,-0.0033639422908890992,-16.435705560445786,2.1513700374287125e-06,3160,3.811629295349121,0.9999035969158285,,
0.2,1392,651264,467,0.01,0.0003,318,0.050537109375,0.0049867956,-0.16930584609508514,-0.002865526720415801,-16.4525029361248,2.1435160805793886e-05,3170,3.803837537765503,0.9997147207031958,,
0.2,1393,653312,468,0.01,0.0003,319,0.068798828125,0.008221272,-0.18154969811439514,-0.00760755933006294,-16.46788147687912,3.8496713280711244e-06,3180,3.844757080078125,0.9997891070815967,,
0.2,1394,655360,470,0.01,0.0003,320,0.055419921875,0.0059053046,-0.17096242308616638,-0.004493300383910537,-16.494817090034484,1.3010550634406925e-06,3190,3.840604305267334,0.9967070394195616,,
0.2,1395,657408,471,0.01,0.0003,321,0.044384765625,0.006020248,-0.16133064031600952,-0.00394274933350971,-16.500076907873154,1.341139168764549e-06,3200,3.8446671962738037,0.9999578047754767,,
0.2,1396,659456,472,0.01,0.0003,322,0.0828125,0.00788479,-0.1465865671634674,-0.006334224343299865,-16.51863130927086,4.4886736706928335e-05,3210,3.8572490215301514,0.9995556823851075,,
0.2,1397,661504,473,0.01,0.0003,323,0.042822265625,0.0063625486,-0.14050056040287018,-0.004336118642822839,-16.529376298189163,8.534416395589162e-07,3220,3.859750509262085,0.8246026039123535,,
0.2,1399,663552,474,0.01,0.0003,324,0.074169921875,0.008049844,-0.19525669515132904,-0.00708519438339863,-16.51979951262474,3.004143184659469e-07,3230,3.8414440155029297,0.9990189565578476,,
0.2,1400,665600,475,0.01,0.0003,325,0.050048828125,0.0061242543,-0.1631929725408554,-0.004185206795227714,-16.508390414714814,1.9192788761834834e-06,3240,3.8438706398010254,0.9999349715872086,,
0.2,1401,667648,476,0.01,0.0003,326,0.080126953125,0.008015638,-0.16430555284023285,-0.007161466314573772,-16.499495500326155,2.592050783079003e-05,3250,3.8313262462615967,0.9997735532815568,,
0.2,1402,669696,477,0.01,0.0003,327,0.072314453125,0.0077789137,-0.18035730719566345,-0.0077823438550694846,-16.479611766338348,4.1278675908529296e-07,3260,3.8235936164855957,0.9220192804932594,,
0.2,1404,671744,478,0.01,0.0003,328,0.089697265625,0.008663254,-0.17932482063770294,-0.0061086723289918154,-16.49036419391632,3.41102749912281e-07,3270,3.8393759727478027,0.9995140672544949,,
0.2,1405,673792,479,0.01,0.0003,329,0.03623046875,0.00420878,-0.15606018900871277,-0.0035246615851065146,-16.512107610702515,1.0400587915171399e-05,3280,3.8537306785583496,0.9999354360988946,,
0.2,1406,675840,480,0.01,0.0003,330,0.08203125,0.008995773,-0.16368691623210907,-0.006620700738858431,-16.521486657857896,1.2945504910177874e-05,3290,3.8544631004333496,0.9998396114970092,,
0.2,1407,677888,481,0.01,0.0003,331,0.070849609375,0.0071849963,-0.16470903158187866,-0.004985088758985512,-16.558353275060654,7.993303230868775e-07,3300,3.9027774333953857,0.9675705581903458,,
0.2,1408,679936,482,0.01,0.0003,332,0.061376953125,0.006038104,-0.17434976994991302,-0.005306569891399704,-16.597282296419145,6.045896007389473e-07,3310,3.906440258026123,0.9995704724278767,,
0.2,,680000,,0.01,0.0003,,0.02890625,0.005746398,-0.17668204009532928,-0.003054505735053681,-16.616840052604676,1.3751319232468972e-05,3320,3.9275684356689453,0.9998467073310167,1000.0,-16.024257987737656
0.2,1396,681984,488,0.01,0.0003,333,,,,,,,,,,,
0.2,1398,684032,489,0.01,0.0003,334,0.075732421875,0.008678418,-0.1781291961669922,-0.00581741155765485,-16.638792079687118,7.994841570102551e-06,3330,3.9379100799560547,0.9999175402408582,,
0.2,1399,686080,490,0.01,0.0003,335,0.06640625,0.0086983945,-0.17658750712871552,-0.00489049632451497,-16.65952519774437,8.411168184174755e-07,3340,3.963454246520996,0.9639277197420597,,
0.2,1400,688128,491,0.01,0.0003,336,0.04951171875,0.0057673277,-0.17962607741355896,-0.0030469803605228662,-16.687530553340913,1.1574065094110964e-06,3350,3.9758460521698,0.9996263541688677,,
0.2,1401,690176,492,0.01,0.0003,337,0.055859375,0.004854243,-0.20348410308361053,-0.00540366476343479,-16.692233121395113,1.560835831391216e-05,3360,3.981332778930664,0.9997986051166663,,
0.2,1402,692224,493,0.01,0.0003,338,0.066259765625,0.00783637,-0.17931757867336273,-0.004953103300067596,-16.69252833724022,5.038798352696716e-06,3370,3.9805908203125,0.9998486000113189,,
0.2,1403,694272,494,0.01,0.0003,339,0.0685546875,0.008357318,-0.17042826116085052,-0.008155305273248814,-16.709558695554733,1.0218276582207864e-06,3380,4.0040154457092285,0.9726416859775782,,
0.2,1404,696320,495,0.01,0.0003,340,0.03388671875,0.0051589375,-0.18077677488327026,-0.002638130314880982,-16.74490953087807,1.2470842624789924e-06,3390,4.025302886962891,0.9997090637625661,,
0.2,1405,698368,496,0.01,0.0003,341,0.066650390625,0.0061788587,-0.15805310010910034,-0.007289426354691386,-16.762369257211684,1.2892828285160363e-05,3400,4.031991004943848,0.9997870594233973,,
0.2,1406,700416,497,0.01,0.0003,342,0.0634765625,0.0076493104,-0.17049822211265564,-0.0034361344791250304,-16.771472686529158,2.910516096754634e-06,3410,4.045994758605957,0.999888589263719,,
0.2,1408,702464,498,0.01,0.0003,343,0.088330078125,0.0075011943,-0.17274390161037445,-0.007398753528832458,-16.79583638906479,1.0199175703107245e-06,3420,4.066611289978027,0.9783899914473295,,
0.2,1409,704512,499,0.01,0.0003,344,0.041748046875,0.004699342,-0.16330744326114655,-0.002989666987559758,-16.815681964159012,7.565718241897557e-07,3430,4.066667079925537,0.9998018921614857,,
0.2,1410,706560,501,0.01,0.0003,345,0.0556640625,0.0069473386,-0.1713535487651825,-0.0053873696102527905,-16.814062762260438,9.189376057463505e-05,3440,4.062204360961914,0.9998549232841469,,
0.2,1411,708608,502,0.01,0.0003,346,0.072412109375,0.007436241,-0.1754969358444214,-0.004221583358594216,-16.83319499492645,1.6490885419440104e-06,3450,4.08827018737793,0.9998987299404689,,
0.2,1412,710656,503,0.01,0.0003,347,0.0748046875,0.008842224,-0.18944044411182404,-0.007972583669470623,-16.873387563228608,4.464021739924995e-07,3460,4.118675231933594,0.9907520953565836,,
0.2,1413,712704,504,0.01,0.0003,348,0.07216796875,0.0067488505,-0.15579375624656677,-0.00632437709136866,-16.888388574123383,8.031958340204426e-07,3470,4.111979007720947,0.9998213379294612,,
0.2,1414,714752,505,0.01,0.0003,349,0.083251953125,0.008883871,-0.17380774021148682,-0.007741547626210377,-16.8854097366333,5.357689148155487e-06,3480,4.117568016052246,0.999836626535398,,
0.2,1415,716800,506,0.01,0.0003,350,0.081787109375,0.008569032,-0.1690475046634674,-0.005542289165896363,-16.89837890267372,1.0264575856622216e-06,3490,4.1338043212890625,0.9998990004169173,,
0.2,1416,718848,507,0.01,0.0003,351,0.077099609375,0.008215173,-0.19681735336780548,-0.00941313553485088,-16.893853616714477,4.168659740400038e-07,3500,4.112305641174316,0.9954689694568515,,
0.2,,720000,,0.01,0.0003,,0.046337890625,0.0063972017,-0.16619402170181274,-0.0034055214084219186,-16.89132754802704,1.2856781484105185e-06,3510,4.127871990203857,0.9998600275284844,1000.0,-15.74898324906826
0.2,1405,720896,512,0.01,0.0003,352,,,,,,,,,,,
0.2,1406,722944,514,0.01,0.0003,353,0.042333984375,0.0053751534,-0.18002934753894806,-0.0038440218806499614,-16.92755995988846,1.1583446195828628e-05,3520,4.154085159301758,0.9998671635839855,,
0.2,1407,724992,515,0.01,0.0003,354,0.07763671875,0.008215142,-0.1904909610748291,-0.011730750079732389,-16.951220083236695,1.1163689563886692e-06,3530,4.1542134284973145,0.9999198217483354,,
0.2,1408,727040,516,0.01,0.0003,355,0.051806640625,0.006991526,-0.20456932485103607,-0.006905357132200152,-16.955508124828338,2.914650099328231e-07,3540,4.157177925109863,0.9970422617625445,,
0.2,1409,729088,517,0.01,0.0003,356,0.044287109375,0.0049844193,-0.16450947523117065,-0.004902231755841058,-16.956205672025682,5.345331125505837e-07,3550,4.147378921508789,0.9999238902673824,,
0.2,1410,731136,518,0.01,0.0003,357,0.05947265625,0.0064983107,-0.18399116396903992,-0.004437230571056716,-16.941720312833787,9.910204524210542e-06,3560,4.133732795715332,0.9998793696940993,,
0.2,1411,733184,519,0.01,0.0003,358,0.044677734375,0.005374481,-0.14557243883609772,-0.004794979437428992,-16.934678679704668,1.218749210268877e-06,3570,4.130738258361816,0.9998866807945888,,
0.2,1413,735232,520,0.01,0.0003,359,0.05712890625,0.0055051027,-0.1862734705209732,-0.004462802541092969,-16.94710202217102,7.308210551892901e-07,3580,4.149193286895752,0.998363193240948,,
0.2,1414,737280,521,0.01,0.0003,360,0.044580078125,0.005996927,-0.16383300721645355,-0.004271478332520928,-16.999376183748247,7.909557662832967e-07,3590,4.19482946395874,0.9999774053048895,,
0.2,1415,739328,522,0.01,0.0003,361,0.099658203125,0.01033352,-0.16356055438518524,-0.009486614863271825,-17.056197863817214,8.846801694950557e-06,3600,4.243825912475586,0.999930138248601,,
0.2,1416,741376,523,0.01,0.0003,362,0.04384765625,0.005354763,-0.16077996790409088,-0.00785070005513262,-17.103881561756133,3.089067256434319e-07,3610,4.270771026611328,0.9999327782425098,,
0.2,1417,743424,524,0.01,0.0003,363,0.098095703125,0.0086122,-0.17193613946437836,-0.00966023830405902,-17.139541685581207,2.4143396052944687e-07,3620,4.297821044921875,0.9993598372675478,,
0.2,1418,745472,525,0.01,0.0003,364,0.06689453125,0.0068131564,-0.17560584843158722,-0.004870684960042127,-17.143808418512343,5.280141862040732e-06,3630,4.285609722137451,0.999986807139976,,
0.2,1419,747520,526,0.01,0.0003,365,0.06181640625,0.006314493,-0.17283479869365692,-0.00690949700656347,-17.137973445653916,7.641148126147356e-06,3640,4.292975902557373,0.9999317519395845,,
0.2,1420,749568,527,0.01,0.0003,366,0.04443359375,0.0055523096,-0.16772030293941498,-0.004228588924161158,-17.151967841386796,3.98971457504782e-07,3650,4.30927848815918,0.9497699700295925,,
0.2,1421,751616,528,0.01,0.0003,367,0.074853515625,0.008640691,-0.16219083964824677,-0.007480760262114927,-17.20377910733223,1.085703053183007e-07,3660,4.36223030090332,0.9997691353055416,,
0.2,1422,753664,529,0.01,0.0003,368,0.023486328125,0.004545494,-0.1801115870475769,-0.0024464569869451225,-17.23972242474556,1.0798912363640945e-05,3670,4.36777400970459,0.9999857095908737,,
0.2,1423,755712,530,0.01,0.0003,369,0.055859375,0.006966102,-0.18443213403224945,-0.004923796790535562,-17.22061418890953,1.1305164288977209e-05,3680,4.33203125,0.999926036427496,,
0.2,1424,757760,532,0.01,0.0003,370,0.06982421875,0.007612207,-0.18903310596942902,-0.007557448340230621,-17.200613552331923,5.353310090328023e-07,3690,4.327038764953613,0.9810586981475353,,
0.2,1425,759808,533,0.01,0.0003,371,0.032421875,0.0049144416,-0.16616018116474152,-0.0045252821815665815,-17.192808359861374,1.8529142651324548e-07,3700,4.323282241821289,0.9997709875024157,,
0.2,,760000,,0.01,0.0003,,0.05107421875,0.0056809876,-0.18873454630374908,-0.004988197676721029,-17.17820538878441,2.665162308046476e-06,3710,4.306917190551758,0.9999779894424137,1000.0,-15.576489269733429
0.2,1414,761856,538,0.01,0.0003,372,,,,,,,,,,,
0.2,1415,763904,539,0.01,0.0003,373,0.08193359375,0.008464279,-0.18436060845851898,-0.008912590288673528,-17.148917669057845,6.3527044798838975e-06,3720,4.285909652709961,0.9999366647971328,,
0.2,1416,765952,540,0.01,0.0003,374,0.087841796875,0.0075828927,-0.1965804398059845,-0.007940008208970539,-17.145194363594054,1.9358139264902262e-07,3730,4.300235271453857,0.9846549313515425,,
0.2,1417,768000,541,0.01,0.0003,375,0.0638671875,0.0075223413,-0.2008584588766098,-0.005799146689241752,-17.189863479137422,2.723325934539389e-07,3740,4.332430362701416,0.9998048301495146,,
0.2,1418,770048,542,0.01,0.0003,376,0.0515625,0.0061755693,-0.19641989469528198,-0.0031232847904902883,-17.222724503278734,2.6127237665907187e-05,3750,4.345071315765381,0.9998982463002903,,
0.2,1419,772096,543,0.01,0.0003,377,0.063427734375,0.006943521,-0.19151511788368225,-0.006044616451254115,-17.234285217523574,2.2132379418504657e-06,3760,4.34488582611084,0.9999141873995541,,
0.2,1420,774144,545,0.01,0.0003,378,0.04794921875,0.006316038,-0.16486845910549164,-0.004702640642062761,-17.24311144351959,2.4523303704393484e-07,3770,4.355912208557129,0.9856062531471252,,
0.2,1421,776192,546,0.01,0.0003,379,0.071923828125,0.007362271,-0.18021981418132782,-0.005712942688842304,-17.262402349710463,6.2888890095536e-07,3780,4.371507167816162,0.9998270318901632,,
0.2,1422,778240,547,0.01,0.0003,380,0.03125,0.0055679535,-0.1680009961128235,-0.004343695670831949,-17.274699401855468,1.4531317633270647e-05,3790,4.368624210357666,0.9999151015508687,,
0.2,1423,780288,548,0.01,0.0003,381,0.0458984375,0.0068439213,-0.18586988747119904,-0.007083392034110148,-17.2767236828804,1.9173335386923895e-06,3800,4.369356155395508,0.9999356586267822,,
0.2,1424,782336,549,0.01,0.0003,382,0.050537109375,0.006882293,-0.188247948884964,-0.004751447611488402,-17.31044179201126,5.331292420751587e-07,3810,4.415976524353027,0.9930200050584972,,
0.2,1425,784384,550,0.01,0.0003,383,0.0533203125,0.006777503,-0.16947497427463531,-0.004946359738823958,-17.37066286802292,2.793693578695411e-07,3820,4.457267761230469,0.9998740962910233,,
0.2,1426,786432,551,0.01,0.0003,384,0.078564453125,0.0077147526,-0.1911267787218094,-0.0076153252754011195,-17.403082931041716,7.794269852823277e-06,3830,4.4663286209106445,0.9998984360863687,,
0.2,1427,788480,552,0.01,0.0003,385,0.03125,0.0049858266,-0.1469256430864334,-0.003516507759923115,-17.415302169322967,2.00206435427841e-06,3840,4.477893352508545,0.9998951080488041,,
0.2,1428,790528,553,0.01,0.0003,386,0.0412109375,0.00533424,-0.17253918945789337,-0.0045363878947682675,-17.409281027317046,1.0622936819915108e-07,3850,4.46767520904541,0.9968577225226909,,
0.2,1428,792576,554,0.01,0.0003,387,0.05283203125,0.007717159,-0.1806201934814453,-0.005347363851615228,-17.40401486158371,4.538602094594779e-07,3860,4.473586082458496,0.9998925545951352,,
0.2,1429,794624,555,0.01,0.0003,388,0.07333984375,0.008418478,-0.16908058524131775,-0.008188867621356621,-17.455713480710983,1.0275139561244372e-05,3870,4.531984329223633,0.9998843633584329,,
0.2,1430,796672,556,0.01,0.0003,389,0.02890625,0.0048896545,-0.18187469244003296,-0.004270442365668714,-17.507645618915557,1.5765827046987368e-06,3880,4.543424606323242,0.9998928490676917,,
0.2,1431,798720,557,0.01,0.0003,390,0.029931640625,0.004568492,-0.18005554378032684,-0.0025941501051420348,-17.523247408866883,1.3913306394219837e-07,3890,4.556739807128906,0.99758201953955,,
0.2,,800000,,0.01,0.0003,,0.032373046875,0.0055020037,-0.17176823318004608,-0.0030609014676883815,-17.53699771761894,5.458575958794398e-07,3900,4.562437057495117,0.999897565030551,1000.0,-15.475265681743622
0.2,1421,800768,563,0.01,0.0003,391,,,,,,,,,,,
0.2,1422,802816,564,0.01,0.0003,392,0.0615234375,0.0068226987,-0.16816754639148712,-0.006167089112568647,-17.552156102657317,1.1779255384425369e-05,3910,4.5736517906188965,0.9999104236921994,,
0.2,1423,804864,565,0.01,0.0003,393,0.058935546875,0.007273155,-0.20047838985919952,-0.006350215853308328,-17.544203466176988,5.908658651798682e-07,3920,4.565298080444336,0.999950810251903,,
0.2,1424,806912,566,0.01,0.0003,394,0.066943359375,0.007724816,-0.21498234570026398,-0.007917950095725245,-17.53198798298836,2.752265980732194e-07,3930,4.554503440856934,0.9986378304893151,,
0.2,1425,808960,567,0.01,0.0003,395,0.034716796875,0.004920872,-0.16160272061824799,-0.00511303078092169,-17.5298195540905,6.432911808351705e-07,3940,4.560051441192627,0.999941665057122,,
0.2,1426,811008,568,0.01,0.0003,396,0.04892578125,0.006659366,-0.19528087973594666,-0.005136770018725656,-17.535198903083803,1.2331798675546679e-05,3950,4.562828540802002,0.9999427079565066,,
0.2,1427,813056,569,0.01,0.0003,397,0.021044921875,0.0049089175,-0.1752406805753708,-0.006299147991376231,-17.492639368772508,8.885193562457871e-07,3960,4.493710517883301,0.9999629549565725,,
0.2,1428,815104,570,0.01,0.0003,398,0.056640625,0.0066605313,-0.1741783767938614,-0.007274601064273157,-17.477162730693816,5.612378850272659e-08,3970,4.534636497497559,0.9993056921521202,,
0.2,1428,817152,571,0.01,0.0003,399,0.05341796875,0.0057286895,-0.1547728031873703,-0.00589882286003558,-17.51914644241333,2.352007389183619e-07,3980,4.562762260437012,0.9999873210608712,,
0.2,1429,819200,572,0.01,0.0003,400,0.08408203125,0.008743549,-0.1886768341064453,-0.007031998695310904,-17.534123724699022,6.873574553267758e-06,3990,4.564328193664551,0.9999640040732629,,
0.2,1430,821248,574,0.01,0.0003,401,0.04580078125,0.0056489804,-0.18324345350265503,-0.006100533032440581,-17.55725040435791,1.0227673254648018e-06,4000,4.587591648101807,0.999965562732541,,
0.2,1431,823296,575,0.01,0.0003,402,0.040087890625,0.006255407,-0.18444040417671204,-0.004061447159620002,-17.57264950275421,9.381869195690395e-08,4010,4.5861334800720215,0.9995824090729002,,
0.2,1432,825344,576,0.01,0.0003,403,0.0458984375,0.00648268,-0.19568201899528503,-0.006143645709380507,-17.608581066131592,6.392412883915454e-07,4020,4.634577751159668,0.9999913406427368,,
0.2,1433,827392,577,0.01,0.0003,404,0.07841796875,0.007754881,-0.17413035035133362,-0.004570592322852463,-17.629377275705338,1.2758953914016048e-05,4030,4.621673583984375,0.9999754479194962,,
0.2,1434,829440,578,0.01,0.0003,405,0.055810546875,0.0071780756,-0.1978408545255661,-0.008036510995589196,-17.631990051269533,1.1039769292620072e-07,4040,4.634866237640381,0.9999145259571378,,
0.2,1435,831488,579,0.01,0.0003,406,0.042626953125,0.0069693187,-0.1631661355495453,-0.0033939435976208187,-17.652774518728258,8.051957611776572e-08,4050,4.647799491882324,0.9997844760509906,,
0.2,1436,833536,580,0.01,0.0003,407,0.03935546875,0.0063021006,-0.15609361231327057,-0.005529938213294372,-17.62310870885849,8.975029861857387e-07,4060,4.595397472381592,0.9999893301774136,,
0.2,1437,835584,581,0.01,0.0003,408,0.06650390625,0.0069913687,-0.17899879813194275,-0.004232047972618602,-17.615885949134828,1.2639015533189024e-05,4070,4.622089385986328,0.9999682602829125,,
0.2,1438,837632,582,0.01,0.0003,409,0.07958984375,0.00699741,-0.17266564071178436,-0.009462835401063786,-17.61686615347862,3.9796376288814275e-08,4080,4.594298839569092,0.983609264716506,,
0.2,1439,839680,583,0.01,0.0003,410,0.019140625,0.005043303,-0.18574297428131104,-0.002409438756876625,-17.59409894943237,4.9732863557916394e-08,4090,4.583520889282227,0.9998891095528961,,
0.2,,840000,,0.01,0.0003,,0.03330078125,0.005112127,-0.19047239422798157,-0.0038506737939314915,-17.57899385690689,3.7206927665511814e-07,4100,4.574200630187988,0.9999902067356743,1000.0,-15.42523130774498
0.2,1428,841728,589,0.01,0.0003,411,,,,,,,,,,,
0.2,1429,843776,590,0.01,0.0003,412,0.08232421875,0.009065123,-0.2145998626947403,-0.0066411443578545,-17.559637635946274,7.780791230427297e-06,4110,4.55117654800415,0.9999705148275098,,
0.2,1430,845824,591,0.01,0.0003,413,0.0482421875,0.006096743,-0.1787690818309784,-0.007226807117694989,-17.566919749975206,1.088749948419121e-07,4120,4.566195964813232,0.9808855224400759,,
0.2,1431,847872,592,0.01,0.0003,414,0.031982421875,0.0048518777,-0.19802582263946533,-0.0024770356016233564,-17.60142576098442,9.910410805336057e-08,4130,4.601403713226318,0.9998980913878768,,
0.2,1432,849920,593,0.01,0.0003,415,0.064892578125,0.008263404,-0.1711123138666153,-0.007172167851240374,-17.636898618936538,5.777440770948772e-06,4140,4.622565269470215,0.9999893385102041,,
0.2,1433,851968,594,0.01,0.0003,416,0.057080078125,0.00946925,-0.17669908702373505,-0.005705232532636728,-17.676991134881973,3.8037969877890985e-06,4150,4.667300224304199,0.9999726794067101,,
0.2,1434,854016,595,0.01,0.0003,417,0.046142578125,0.007458691,-0.17985261976718903,-0.005960636964300647,-17.718121200799942,2.252367949512335e-07,4160,4.694866180419922,0.9879270568490028,,
0.2,1435,856064,596,0.01,0.0003,418,0.034228515625,0.0050478503,-0.19387347996234894,-0.004747117724036798,-17.734254008531572,3.406939421968236e-08,4170,4.695160865783691,0.9999606334677082,,
0.2,1436,858112,597,0.01,0.0003,419,0.031298828125,0.0043281894,-0.1618340015411377,-0.005371861727326177,-17.737554824352266,7.585111011110257e-06,4180,4.695676326751709,0.999961676006933,,
0.2,1437,860160,598,0.01,0.0003,420,0.070751953125,0.008636132,-0.17816972732543945,-0.006057939774473197,-17.7363247692585,1.983000295302517e-06,4190,4.700230121612549,0.9999674655373383,,
0.2,1437,862208,599,0.01,0.0003,421,0.053564453125,0.0059483508,-0.20043978095054626,-0.00698044832679443,-17.74760631918907,3.725547461891354e-07,4200,4.717000961303711,0.9982158992206678,,
0.2,1438,864256,600,0.01,0.0003,422,0.051171875,0.006679579,-0.20415988564491272,-0.007012146737542935,-17.771477741003036,2.8113277347752153e-08,4210,4.732421398162842,0.9999849626565265,,
0.2,1439,866304,601,0.01,0.0003,423,0.0451171875,0.0053779846,-0.20416206121444702,-0.005494847040972672,-17.78067798614502,1.287953204354153e-05,4220,4.728341579437256,0.9999099516790011,,
0.2,1440,868352,602,0.01,0.0003,424,0.078857421875,0.0096606845,-0.18226850032806396,-0.006517061521299184,-17.782545125484468,1.4217934626525875e-06,4230,4.734889984130859,0.9999428970950248,,
0.2,1441,870400,603,0.01,0.0003,425,0.06298828125,0.0073029436,-0.1932491511106491,-0.006922299051075243,-17.80690625309944,5.950409381616506e-08,4240,4.765356540679932,0.9989218735136092,,
0.2,1442,872448,605,0.01,0.0003,426,0.04609375,0.006993703,-0.188028022646904,-0.005718853804864921,-17.83784310221672,3.482066493476488e-08,4250,4.797553062438965,0.9999860900852582,,
0.2,1442,874496,606,0.01,0.0003,427,0.0408203125,0.005950288,-0.20932221412658691,-0.005601190235756804,-17.831847542524336,5.922648324130364e-06,4260,4.769572734832764,0.9999418409352074,,
0.2,1443,876544,607,0.01,0.0003,428,0.052587890625,0.007972416,-0.16729389131069183,-0.0075989441917045045,-17.809895449876784,2.28067027934209e-06,4270,4.759511947631836,0.9999631144091836,,
0.2,1444,878592,608,0.01,0.0003,429,0.084228515625,0.008369368,-0.1929180771112442,-0.00879730898886919,-17.803356844186784,9.249251024523453e-08,4280,4.7679548263549805,0.9993879914982244,,
0.2,,880000,,0.01,0.0003,,0.035791015625,0.0053981366,-0.19483084976673126,-0.005878779196063988,-17.794081085920332,1.5789092689955097e-07,4290,4.742956161499023,0.999971076118527,1000.0,-15.412973240017891
0.2,1434,880640,613,0.01,0.0003,430,,,,,,,,,,,
0.2,1435,882688,614,0.01,0.0003,431,0.053955078125,0.0053936243,-0.19585475325584412,-0.007465153640077915,-17.759795123338698,4.792884996236424e-05,4300,4.7111005783081055,0.999940062960377,,
0.2,1436,884736,615,0.01,0.0003,432,0.04169921875,0.0059927045,-0.22048650681972504,-0.006801638042088598,-17.719686406850816,4.432998865211424e-07,4310,4.684993267059326,0.9999275815644069,,
0.2,1437,886784,616,0.01,0.0003,433,0.04462890625,0.006288954,-0.17850440740585327,-0.0055650139140198005,-17.720281255245208,1.2244489658308488e-08,4320,4.711967945098877,0.9995272739906795,,
0.2,1438,888832,617,0.01,0.0003,434,0.06669921875,0.0070739957,-0.19032032787799835,-0.007959273550659418,-17.718302887678146,7.469335078086336e-08,4330,4.69179630279541,0.9999755556800665,,
0.2,1439,890880,618,0.01,0.0003,435,0.049365234375,0.006197621,-0.1829027384519577,-0.005261148243153002,-17.70650343298912,2.3859041628604414e-06,4340,4.701598167419434,0.9999462840423803,,
0.2,1439,892928,620,0.01,0.0003,436,0.0458984375,0.006045909,-0.21362006664276123,-0.005479951470624656,-17.692357087135314,4.632587741970617e-07,4350,4.6846513748168945,0.9999599923357891,,
0.2,1440,894976,621,0.01,0.0003,437,0.05927734375,0.006406729,-0.16277477145195007,-0.005851651600096375,-17.680701047182083,2.3533839468847793e-08,4360,4.69384241104126,0.9995039640925825,,
0.2,1441,897024,622,0.01,0.0003,438,0.04873046875,0.0058677853,-0.1545732021331787,-0.004694828139327001,-17.680758410692214,9.22586751689325e-08,4370,4.6924262046813965,0.9999874650065976,,
0.2,1442,899072,623,0.01,0.0003,439,0.048828125,0.0071025887,-0.17113038897514343,-0.004228607602999546,-17.67493451833725,7.200694933029439e-06,4380,4.682078838348389,0.9999617526846123,,
0.2,1443,901120,624,0.01,0.0003,440,0.0267578125,0.0060225297,-0.19991053640842438,-0.002824306467664428,-17.67414360642433,4.764829223014022e-07,4390,4.687148094177246,0.9999757438745291,,
0.2,1444,903168,625,0.01,0.0003,441,0.0796875,0.008079661,-0.1819750964641571,-0.00890491521859076,-17.67951074242592,1.1683731357403637e-07,4400,4.69857931137085,0.999695438251365,,
0.2,1444,905216,626,0.01,0.0003,442,0.0560546875,0.008992219,-0.19294512271881104,-0.006275611452292651,-17.73107357621193,4.820164883068134e-07,4410,4.763915061950684,0.9999916792830845,,
0.2,1445,907264,627,0.01,0.0003,443,0.09130859375,0.009898049,-0.18504512310028076,-0.008406569904764183,-17.750975435972215,1.1435223196354372e-05,4420,4.750151634216309,0.999981768834914,,
0.2,1446,909312,628,0.01,0.0003,444,0.03857421875,0.005536376,-0.1863638311624527,-0.005526013718917966,-17.725169664621355,2.782385463695469e-07,4430,4.723766326904297,0.9999741661049484,,
0.2,1447,911360,629,0.01,0.0003,445,0.063671875,0.0074437535,-0.18558524549007416,-0.004407525088754483,-17.721019792556763,3.124062325360333e-08,4440,4.744082450866699,0.9997831132786814,,
0.2,1448,913408,630,0.01,0.0003,446,0.07646484375,0.008507013,-0.1905924528837204,-0.00821817170799477,-17.738572269678116,2.3676504952163667e-07,4450,4.733462333679199,0.9999941138680697,,
0.2,1448,915456,631,0.01,0.0003,447,0.071875,0.008247249,-0.2017480581998825,-0.006650408884161152,-17.705654269456865,9.512989048054976e-06,4460,4.697750091552734,0.9999850091553526,,
0.2,1449,917504,632,0.01,0.0003,448,0.0623046875,0.0072860494,-0.1901409924030304,-0.006508784013567493,-17.699398136138917,8.495418843429414e-07,4470,4.714990615844727,0.9364068135619164,,
0.2,1450,919552,633,0.01,0.0003,449,0.099072265625,0.008399656,-0.1855277568101883,-0.009057320532156155,-17.718334829807283,5.535862765970734e-08,4480,4.727334022521973,0.9998862645443296,,
0.2,,920000,,0.01,0.0003,,0.051025390625,0.0047895405,-0.17959387600421906,-0.004723372423904948,-17.745325833559036,4.5225735745280105e-07,4490,4.758882522583008,0.9999711782329541,1000.0,-15.429197810590267
0.2,1441,921600,639,0.01,0.0003,450,,,,,,,,,,,
0.2,1441,923648,640,0.01,0.0003,451,0.060498046875,0.0071017444,-0.16803130507469177,-0.005500840483000502,-17.763005805015563,8.762499815162528e-06,4500,4.755948066711426,0.9999559718162345,,
0.2,1442,925696,641,0.01,0.0003,452,0.07177734375,0.008343682,-0.20515303313732147,-0.006368491792818532,-17.787788820266723,6.822224609057125e-08,4510,4.798253536224365,0.9851319463923573,,
0.2,1443,927744,642,0.01,0.0003,453,0.05859375,0.00705518,-0.20743606984615326,-0.006307103557628579,-17.803202784061433,2.3667197286691975e-08,4520,4.78535795211792,0.9999288306789822,,
0.2,1444,929792,643,0.01,0.0003,454,0.0689453125,0.007409605,-0.18285053968429565,-0.007291826163418591,-17.81856589317322,8.365959661565948e-06,4530,4.828358173370361,0.999993160321992,,
0.2,1445,931840,644,0.01,0.0003,455,0.05029296875,0.006960444,-0.18147660791873932,-0.0054094898543553425,-17.848087739944457,5.342596644908326e-06,4540,4.835217475891113,0.9999736683766969,,
0.2,1445,933888,645,0.01,0.0003,456,0.079443359375,0.0074141994,-0.19142386317253113,-0.010197007274837234,-17.85776880979538,2.952999645089438e-08,4550,4.836490154266357,0.9972532128449529,,
0.2,1446,935936,646,0.01,0.0003,457,0.06416015625,0.0074685826,-0.1803494095802307,-0.006431914077256806,-17.86259130239487,2.7639914274013577e-08,4560,4.835069179534912,0.9999664146380383,,
0.2,1447,937984,648,0.01,0.0003,458,0.0494140625,0.007055894,-0.1947745829820633,-0.0038716328504960983,-17.865234911441803,5.234932595721276e-06,4570,4.835235595703125,0.9999723673954577,,
0.2,1448,940032,649,0.01,0.0003,459,0.040185546875,0.007379472,-0.17164546251296997,-0.0053777204069774594,-17.87364819049835,6.257166981038509e-06,4580,4.857734680175781,0.9999678920212318,,
0.2,1448,942080,650,0.01,0.0003,460,0.050537109375,0.0062932917,-0.18193145096302032,-0.003983221304952167,-17.91477150917053,1.8150320733462123e-07,4590,4.898214340209961,0.9979208733420819,,
0.2,1449,944128,651,0.01,0.0003,461,0.045068359375,0.0069369366,-0.1944092959165573,-0.005353149832808412,-17.922800606489183,2.630648733431551e-08,4600,4.876607418060303,0.9999556710863544,,
0.2,1450,946176,652,0.01,0.0003,462,0.062060546875,0.00538735,-0.1985977590084076,-0.0060996213913313115,-17.904318851232528,1.500041664579399e-05,4610,4.866568088531494,0.999926295298792,,
0.2,1451,948224,653,0.01,0.0003,463,0.034814453125,0.0059143784,-0.17793716490268707,-0.005127119590179063,-17.894299858808516,1.2543556589417193e-06,4620,4.867745399475098,0.9999372322927229,,
0.2,1452,950272,654,0.01,0.0003,464,0.06875,0.0066146916,-0.17634724080562592,-0.01004600251908414,-17.87513294816017,4.149667976183213e-08,4630,4.843945026397705,0.9982093203580007,,
0.2,1452,952320,655,0.01,0.0003,465,0.04619140625,0.006007917,-0.20105722546577454,-0.004555139021249488,-17.89682379961014,1.2211315326277062e-08,4640,4.895993709564209,0.9999737125126558,,
0.2,1453,954368,656,0.01,0.0003,466,0.046240234375,0.0051206844,-0.1856347620487213,-0.006569971262069885,-17.927937549352645,5.463766707336504e-06,4650,4.907086372375488,0.9999105769820744,,
0.2,1454,956416,657,0.01,0.0003,467,0.0533203125,0.007626897,-0.19098298251628876,-0.0050877634523203595,-17.95181087255478,3.352411740964456e-06,4660,4.937023162841797,0.9999044864671305,,
0.2,1455,958464,658,0.01,0.0003,468,0.062548828125,0.008113513,-0.204849511384964,-0.007939824818458873,-17.990276712179185,5.9413792202756e-08,4670,4.964328289031982,0.9992499839281663,,
0.2,,960000,,0.01,0.0003,,0.04130859375,0.0055920314,-0.20308078825473785,-0.0058953205807483755,-17.995184487104417,2.0256925546968675e-07,4680,4.954195976257324,0.9999165179397096,1000.0,-15.467263758182526
0.2,1446,960512,664,0.01,0.0003,469,,,,,,,,,,,
0.2,1446,962560,665,0.01,0.0003,470,0.031689453125,0.0056885905,-0.16928468644618988,-0.0028231834701728077,-18.02133806347847,1.1756692529552026e-05,4690,4.993483543395996,0.999914332627668,,
0.2,1447,964608,666,0.01,0.0003,471,0.066357421875,0.008089883,-0.1854628473520279,-0.005900352567550726,-18.05171957015991,1.0885572714780522e-06,4700,5.000901699066162,0.9999509600420424,,
0.2,1448,966656,667,0.01,0.0003,472,0.060888671875,0.006396959,-0.187783345580101,-0.006737624976085499,-18.071715390682222,4.488324939627697e-08,4710,5.025852203369141,0.9994857638375834,,
0.2,1449,968704,668,0.01,0.0003,473,0.047216796875,0.006596412,-0.17716851830482483,-0.005458923519472592,-18.11292546391487,1.5499428520637793e-07,4720,5.063803672790527,0.9999393118232547,,
0.2,1450,970752,669,0.01,0.0003,474,0.061376953125,0.006680212,-0.18498246371746063,-0.006816135343979113,-18.13302407860756,1.2936811935126969e-05,4730,5.057557106018066,0.9999530700042669,,
0.2,1450,972800,670,0.01,0.0003,475,0.060693359375,0.008314405,-0.21098929643630981,-0.006440549957915209,-18.123486638069153,1.1570084041956363e-06,4740,5.055179595947266,0.9999117680126801,,
0.2,1451,974848,671,0.01,0.0003,476,0.09619140625,0.008994457,-0.17805594205856323,-0.010278127479250544,-18.16755802631378,1.1348763263308027e-07,4750,5.123573303222656,0.9995023088413291,,
0.2,1452,976896,672,0.01,0.0003,477,0.057275390625,0.007002622,-0.1991272121667862,-0.007329880591714755,-18.22922031879425,2.1014220767945347e-07,4760,5.163179397583008,0.9999402636676678,,
0.2,1453,978944,673,0.01,0.0003,478,0.03203125,0.004765583,-0.18972082436084747,-0.003949815528176259,-18.263885617256165,1.5491138027812214e-05,4770,5.176090717315674,0.9999709561907366,,
0.2,1453,980992,674,0.01,0.0003,479,0.05439453125,0.006963048,-0.18563629686832428,-0.005823530230554752,-18.262087178230285,6.226888394078589e-07,4780,5.1573076248168945,0.999951711990434,,
0.2,1454,983040,675,0.01,0.0003,480,0.109912109375,0.010827028,-0.19434653222560883,-0.011461139598395675,-18.273366773128508,4.0992659801342146e-08,4790,5.183924674987793,0.9996425525168888,,
0.2,1455,985088,676,0.01,0.0003,481,0.057861328125,0.0058945613,-0.1826598346233368,-0.00808743033267092,-18.303879702091216,2.9152529398279723e-07,4800,5.20793342590332,0.9999759963484394,,
0.2,1455,987136,678,0.01,0.0003,482,0.057373046875,0.00645018,-0.18987862765789032,-0.003948437486542389,-18.33319810628891,1.0723885398977729e-05,4810,5.228006839752197,0.9999826486709935,,
0.2,1456,989184,679,0.01,0.0003,483,0.092138671875,0.008819441,-0.18403023481369019,-0.007008572801714763,-18.351834791898728,5.848453055568026e-07,4820,5.242072582244873,0.9999581886258966,,
0.2,1457,991232,680,0.01,0.0003,484,0.052587890625,0.006954209,-0.19528423249721527,-0.008340925234369934,-18.3938019990921,1.2756993371387804e-08,4830,5.295407295227051,0.9998226735042408,,
0.2,1458,993280,681,0.01,0.0003,485,0.041796875,0.005510916,-0.18429973721504211,-0.0036013434146298096,-18.415370839834214,4.922454146794042e-08,4840,5.292596340179443,0.999997490387841,,
0.2,1458,995328,682,0.01,0.0003,486,0.044140625,0.0063846516,-0.19103361666202545,-0.005949297986808233,-18.402224683761595,7.0515943729532186e-06,4850,5.277216911315918,0.9999840509663045,,
0.2,1459,997376,683,0.01,0.0003,487,0.041796875,0.006016629,-0.19127050042152405,-0.008051565027562902,-18.4078111410141,1.2673979707805704e-07,4860,5.31268835067749,0.9999869558214414,,
0.2,1460,999424,684,0.01,0.0003,488,0.058349609375,0.007813494,-0.19961822032928467,-0.006507832335773856,-18.440850830078126,3.38699200665149e-08,4870,5.3426313400268555,0.9997898162691854,,
0.2,,1000000,,0.01,0.0003,,0.052685546875,0.0075171334,-0.19882045686244965,-0.007040203863289208,-18.451768016815187,3.971851368744783e-07,4880,5.324381351470947,0.9999969738501022,1000.0,-15.522305853664875
0.2,1451,1001472,689,0.01,0.0003,489,,,,,,,,,,,
